id,name,translation,file,sounds,ini
-1,100,,100.ogg,1,ranges/Rbr.ini/packages/Extended.ini/extended/Extended.ini
-1,1000,,1000.ogg,1,ranges/Rbr.ini/packages/Extended.ini/extended/Extended.ini
-1,120,,120.ogg,1,ranges/Rbr.ini/packages/Extended.ini/extended/Extended.ini
-1,140,,140.ogg,1,ranges/Rbr.ini/packages/Extended.ini/extended/Extended.ini
-1,150,,150.ogg,1,ranges/Rbr.ini/packages/Extended.ini/extended/Extended.ini
-1,160,,160.ogg,1,ranges/Rbr.ini/packages/Extended.ini/extended/Extended.ini
-1,180,,180.ogg,1,ranges/Rbr.ini/packages/Extended.ini/extended/Extended.ini
-1,200,,200.ogg,1,ranges/Rbr.ini/packages/Extended.ini/extended/Extended.ini
-1,250,,250.ogg,1,ranges/Rbr.ini/packages/Extended.ini/extended/Extended.ini
-1,30,,30.ogg,1,ranges/Rbr.ini/packages/Extended.ini/extended/Extended.ini
-1,300,,300.ogg,1,ranges/Rbr.ini/packages/Extended.ini/extended/Extended.ini
-1,350,,350.ogg,1,ranges/Rbr.ini/packages/Extended.ini/extended/Extended.ini
-1,40,,40.ogg,1,ranges/Rbr.ini/packages/Extended.ini/extended/Extended.ini
-1,400,,400.ogg,1,ranges/Rbr.ini/packages/Extended.ini/extended/Extended.ini
-1,450,,450.ogg,1,ranges/Rbr.ini/packages/Extended.ini/extended/Extended.ini
-1,50,,50.ogg,1,ranges/Rbr.ini/packages/Extended.ini/extended/Extended.ini
-1,500,,500.ogg,1,ranges/Rbr.ini/packages/Extended.ini/extended/Extended.ini
-1,60,,60.ogg,1,ranges/Rbr.ini/packages/Extended.ini/extended/Extended.ini
-1,600,,600.ogg,1,ranges/Rbr.ini/packages/Extended.ini/extended/Extended.ini
-1,70,,70.ogg,1,ranges/Rbr.ini/packages/Extended.ini/extended/Extended.ini
-1,700,,700.ogg,1,ranges/Rbr.ini/packages/Extended.ini/extended/Extended.ini
-1,80,,80.ogg,1,ranges/Rbr.ini/packages/Extended.ini/extended/Extended.ini
-1,800,,800.ogg,1,ranges/Rbr.ini/packages/Extended.ini/extended/Extended.ini
-1,900,,900.ogg,1,ranges/Rbr.ini/packages/Extended.ini/extended/Extended.ini
-1,AND,Und,and.ogg,1,pacenotes/Rbr.ini/packages/Extended.ini/links/Extended.ini
-1,AND,Und,and.ogg,1,pacenotes/Rbr-Enhanced.ini/packages/Extended.ini/links/Extended.ini
-1,CALLOUT_ADJUST,Ansageberichtigung,,0,pacenotes/Rbr.ini/packages/Extended.ini/links/Extended.ini
-1,CALLOUT_ADJUST,Ansageberichtigung,,0,pacenotes/Rbr-Enhanced.ini/packages/Extended.ini/links/Extended.ini
-1,CALLOUT_DISTANCE,Ansageentfernung,,0,pacenotes/Rbr.ini/packages/Extended.ini/links/Extended.ini
-1,CALLOUT_DISTANCE,Ansageentfernung,,0,pacenotes/Rbr-Enhanced.ini/packages/Extended.ini/links/Extended.ini
-1,CALLOUT_TIME,Ansagezeit,,0,pacenotes/Rbr.ini/packages/Extended.ini/links/Extended.ini
-1,CALLOUT_TIME,Ansagezeit,,0,pacenotes/Rbr-Enhanced.ini/packages/Extended.ini/links/Extended.ini
-1,CAUTION_WATER,Vorsicht Wasser,caution_water.ogg,1,pacenotes/Rbr.ini/packages/Extended.ini/cautions/Extended.ini
-1,CAUTION_WATER,Vorsicht Wasser,caution_water.ogg,1,pacenotes/Rbr-Enhanced.ini/packages/Extended.ini/cautions/Extended.ini
-1,CUT,Schneiden,cut.ogg,1,pacenotes/Rbr.ini/packages/Extended.ini/modifier/Extended.ini
-1,CUT,Schneiden,cut.ogg,1,pacenotes/Rbr.ini/packages/Extended.ini/line/Extended.ini
-1,CUT,Schneiden,cut.ogg,1,pacenotes/Rbr-Enhanced.ini/packages/Extended.ini/modifier/Extended.ini
-1,CUT,Schneiden,cut.ogg,1,pacenotes/Rbr-Enhanced.ini/packages/Extended.ini/line/Extended.ini
-1,DISTANCE_CALL,Entfernung,,0,pacenotes/Rbr.ini/packages/Extended.ini/links/Extended.ini
-1,DISTANCE_CALL,Entfernung,,0,pacenotes/Rbr-Enhanced.ini/packages/Extended.ini/links/Extended.ini
-1,DONTCUT,Nicht Schneiden,dontcut.ogg,1,pacenotes/Rbr.ini/packages/Extended.ini/modifier/Extended.ini
-1,DONTCUT,Nicht Schneiden,dontcut.ogg,1,pacenotes/Rbr.ini/packages/Extended.ini/line/Extended.ini
-1,DONTCUT,Nicht Schneiden,dontcut.ogg,1,pacenotes/Rbr-Enhanced.ini/packages/Extended.ini/modifier/Extended.ini
-1,DONTCUT,Nicht Schneiden,dontcut.ogg,1,pacenotes/Rbr-Enhanced.ini/packages/Extended.ini/line/Extended.ini
-1,EMPTY_CALL,Leere Ansage,,0,pacenotes/Rbr.ini/packages/Extended.ini/links/Extended.ini
-1,EMPTY_CALL,Leere Ansage,,0,pacenotes/Rbr-Enhanced.ini/packages/Extended.ini/links/Extended.ini
-1,INTO,Hinein,into.ogg,1,pacenotes/Rbr.ini/packages/Extended.ini/links/Extended.ini
-1,INTO,Hinein,into.ogg,1,pacenotes/Rbr-Enhanced.ini/packages/Extended.ini/links/Extended.ini
-1,LONG,Lang,long.ogg,1,pacenotes/Rbr.ini/packages/Extended.ini/modifier/Extended.ini
-1,LONG,Lang,long.ogg,1,pacenotes/Rbr.ini/packages/Extended.ini/additional/Extended.ini
-1,LONG,Lang,long.ogg,1,pacenotes/Rbr-Enhanced.ini/packages/Extended.ini/modifier/Extended.ini
-1,LONG,Lang,long.ogg,1,pacenotes/Rbr-Enhanced.ini/packages/Extended.ini/additional/Extended.ini
-1,MAYBE,Vielleicht,maybe.ogg,1,pacenotes/Rbr.ini/packages/Extended.ini/modifier/Extended.ini
-1,MAYBE,Vielleicht,maybe.ogg,1,pacenotes/Rbr.ini/packages/Extended.ini/additional/Extended.ini
-1,MAYBE,Vielleicht,maybe.ogg,1,pacenotes/Rbr-Enhanced.ini/packages/Extended.ini/modifier/Extended.ini
-1,MAYBE,Vielleicht,maybe.ogg,1,pacenotes/Rbr-Enhanced.ini/packages/Extended.ini/additional/Extended.ini
-1,NARROWS,Verengung (Straße),narrows.ogg,1,pacenotes/Rbr.ini/packages/Extended.ini/modifier/Extended.ini
-1,NARROWS,Verengung (Straße),narrows.ogg,1,pacenotes/Rbr-Enhanced.ini/packages/Extended.ini/modifier/Extended.ini
-1,ONTO,Hinein,onto.ogg,1,pacenotes/Rbr.ini/packages/Extended.ini/links/Extended.ini
-1,ONTO,Hinein,onto.ogg,1,pacenotes/Rbr-Enhanced.ini/packages/Extended.ini/links/Extended.ini
-1,PLACE_HOLDER,Platzhalter,,0,pacenotes/Rbr.ini/packages/Extended.ini/links/Extended.ini
-1,PLACE_HOLDER,Platzhalter,,0,pacenotes/Rbr-Enhanced.ini/packages/Extended.ini/links/Extended.ini
-1,SOUND_FILE,Sound Datei,,0,pacenotes/Rbr.ini/packages/Extended.ini/modifier/Extended.ini
-1,SOUND_FILE,Sound Datei,,0,pacenotes/Rbr-Enhanced.ini/packages/Extended.ini/modifier/Extended.ini
-1,SOUND_INDEX,Sound Index,,0,pacenotes/Rbr.ini/packages/Extended.ini/links/Extended.ini
-1,SOUND_INDEX,Sound Index,,0,pacenotes/Rbr-Enhanced.ini/packages/Extended.ini/links/Extended.ini
-1,STANDARD_CALL,Standardansage,,0,pacenotes/Rbr.ini/packages/Extended.ini/modifier/Extended.ini
-1,STANDARD_CALL,Standardansage,,0,pacenotes/Rbr-Enhanced.ini/packages/Extended.ini/modifier/Extended.ini
-1,TIGHTENS,Verengung,tightens.ogg,1,pacenotes/Rbr.ini/packages/Extended.ini/modifier/Extended.ini
-1,TIGHTENS,Verengung,tightens.ogg,1,pacenotes/Rbr.ini/packages/Extended.ini/adjectives/Extended.ini
-1,TIGHTENS,Verengung,tightens.ogg,1,pacenotes/Rbr-Enhanced.ini/packages/Extended.ini/modifier/Extended.ini
-1,TIGHTENS,Verengung,tightens.ogg,1,pacenotes/Rbr-Enhanced.ini/packages/Extended.ini/adjectives/Extended.ini
-1,TIGHTENSBAD,Starke Verengung,tightensbad.ogg,1,pacenotes/Rbr.ini/packages/Extended.ini/modifier/Extended.ini
-1,TIGHTENSBAD,Starke Verengung,tightensbad.ogg,1,pacenotes/Rbr.ini/packages/Extended.ini/adjectives/Extended.ini
-1,TIGHTENSBAD,Starke Verengung,tightensbad.ogg,1,pacenotes/Rbr-Enhanced.ini/packages/Extended.ini/modifier/Extended.ini
-1,TIGHTENSBAD,Starke Verengung,tightensbad.ogg,1,pacenotes/Rbr-Enhanced.ini/packages/Extended.ini/adjectives/Extended.ini
-1,WIDEOUT,Verbreiterung,wideout.ogg,1,pacenotes/Rbr.ini/packages/Extended.ini/modifier/Extended.ini
-1,WIDEOUT,Verbreiterung,wideout.ogg,1,pacenotes/Rbr-Enhanced.ini/packages/Extended.ini/modifier/Extended.ini
0,ONE_LEFT,Kehre Links,hairpin_left.ogg,1,pacenotes/Rbr.ini/packages/Numeric.ini/corners/Numeric.ini
0,ONE_LEFT,Kehre Links,hairpin_left.ogg,1,pacenotes/Rbr-Enhanced.ini/packages/Numeric.ini/corners/Numeric.ini
1,SQUARE_LEFT,2 Links,two_left_de.ogg,1,pacenotes/Rbr.ini/packages/Numeric.ini/corners/Numeric.ini
1,SQUARE_LEFT,2 Links,two_left_de.ogg,1,pacenotes/Rbr-Enhanced.ini/packages/Numeric.ini/corners/Numeric.ini
2,THREE_LEFT,3 Links,three_left.ogg,1,pacenotes/Rbr.ini/packages/Numeric.ini/corners/Numeric.ini
2,THREE_LEFT,3 Links,three_left.ogg,1,pacenotes/Rbr-Enhanced.ini/packages/Numeric.ini/corners/Numeric.ini
3,FOUR_LEFT,4 Links,four_left.ogg,1,pacenotes/Rbr.ini/packages/Numeric.ini/corners/Numeric.ini
3,FOUR_LEFT,4 Links,four_left.ogg,1,pacenotes/Rbr-Enhanced.ini/packages/Numeric.ini/corners/Numeric.ini
4,FIVE_LEFT,5 Links,five_left.ogg,1,pacenotes/Rbr.ini/packages/Numeric.ini/corners/Numeric.ini
4,FIVE_LEFT,5 Links,five_left.ogg,1,pacenotes/Rbr-Enhanced.ini/packages/Numeric.ini/corners/Numeric.ini
5,SIX_LEFT,6 Links,six_left.ogg,1,pacenotes/Rbr.ini/packages/Numeric.ini/corners/Numeric.ini
5,SIX_LEFT,6 Links,six_left.ogg,1,pacenotes/Rbr-Enhanced.ini/packages/Numeric.ini/corners/Numeric.ini
6,SIX_RIGHT,6 Rechts,six_right.ogg,1,pacenotes/Rbr.ini/packages/Numeric.ini/corners/Numeric.ini
6,SIX_RIGHT,6 Rechts,six_right.ogg,1,pacenotes/Rbr-Enhanced.ini/packages/Numeric.ini/corners/Numeric.ini
7,FIVE_RIGHT,5 Rechts,five_right.ogg,1,pacenotes/Rbr.ini/packages/Numeric.ini/corners/Numeric.ini
7,FIVE_RIGHT,5 Rechts,five_right.ogg,1,pacenotes/Rbr-Enhanced.ini/packages/Numeric.ini/corners/Numeric.ini
8,FOUR_RIGHT,4 Rechts,four_right.ogg,1,pacenotes/Rbr.ini/packages/Numeric.ini/corners/Numeric.ini
8,FOUR_RIGHT,4 Rechts,four_right.ogg,1,pacenotes/Rbr-Enhanced.ini/packages/Numeric.ini/corners/Numeric.ini
9,THREE_RIGHT,3 Rechts,three_right.ogg,1,pacenotes/Rbr.ini/packages/Numeric.ini/corners/Numeric.ini
9,THREE_RIGHT,3 Rechts,three_right.ogg,1,pacenotes/Rbr-Enhanced.ini/packages/Numeric.ini/corners/Numeric.ini
10,SQUARE_RIGHT,2 Rechts,two_right_de.ogg,1,pacenotes/Rbr.ini/packages/Numeric.ini/corners/Numeric.ini
10,SQUARE_RIGHT,2 Rechts,two_right_de.ogg,1,pacenotes/Rbr-Enhanced.ini/packages/Numeric.ini/corners/Numeric.ini
11,ONE_RIGHT,Kehre Rechts,hairpin_right.ogg,1,pacenotes/Rbr.ini/packages/Numeric.ini/corners/Numeric.ini
11,ONE_RIGHT,Kehre Rechts,hairpin_right.ogg,1,pacenotes/Rbr-Enhanced.ini/packages/Numeric.ini/corners/Numeric.ini
12,TWISTY,Kurvenreich,twisty.ogg,1,pacenotes/Rbr.ini/packages/Extended.ini/line/Extended.ini
12,TWISTY,Kurvenreich,twisty.ogg,1,pacenotes/Rbr-Enhanced.ini/packages/Extended.ini/line/Extended.ini
14,NARROWS,Verengung (Straße),narrows.ogg,1,pacenotes/Rbr.ini/packages/Extended.ini/additional/Extended.ini
14,NARROWS,Verengung (Straße),narrows.ogg,1,pacenotes/Rbr-Enhanced.ini/packages/Extended.ini/additional/Extended.ini
15,WIDEOUT,Verbreiterung,wideout.ogg,1,pacenotes/Rbr.ini/packages/Extended.ini/additional/Extended.ini
15,WIDEOUT,Verbreiterung,wideout.ogg,1,pacenotes/Rbr-Enhanced.ini/packages/Extended.ini/additional/Extended.ini
16,OVERCREST,Über Hügel,overcrest.ogg,1,pacenotes/Rbr.ini/packages/Extended.ini/obstacles/Extended.ini
16,OVERCREST,Über Hügel,overcrest.ogg,1,pacenotes/Rbr-Enhanced.ini/packages/Extended.ini/obstacles/Extended.ini
17,FORD,Furt,ford.ogg,1,pacenotes/Rbr.ini/packages/Extended.ini/obstacles/Extended.ini
17,FORD,Furt,ford.ogg,1,pacenotes/Rbr-Enhanced.ini/packages/Extended.ini/obstacles/Extended.ini
18,CARE,Vorsicht,care.ogg,1,pacenotes/Rbr.ini/packages/Extended.ini/cautions/Extended.ini
18,CARE,Vorsicht,care.ogg,1,pacenotes/Rbr-Enhanced.ini/packages/Extended.ini/cautions/Extended.ini
19,BUMP,Unebenheit,bump.ogg,1,pacenotes/Rbr.ini/packages/Extended.ini/obstacles/Extended.ini
19,BUMP,Unebenheit,bump.ogg,1,pacenotes/Rbr-Enhanced.ini/packages/Extended.ini/obstacles/Extended.ini
20,JUMP,Sprung,jump.ogg,1,pacenotes/Rbr.ini/packages/Extended.ini/obstacles/Extended.ini
20,JUMP,Sprung,jump.ogg,1,pacenotes/Rbr-Enhanced.ini/packages/Extended.ini/obstacles/Extended.ini
22,FINISH,Ziel,finish.ogg,1,pacenotes/Rbr.ini/packages/Extended.ini/links/Extended.ini
22,FINISH,Ziel,finish.ogg,1,pacenotes/Rbr-Enhanced.ini/packages/Extended.ini/links/Extended.ini
25,FLAT_RIGHT,Voll Rechts,flat_right.ogg,1,pacenotes/Rbr.ini/packages/Numeric.ini/corners/Numeric.ini
25,FLAT_RIGHT,Voll Rechts,flat_right.ogg,1,pacenotes/Rbr-Enhanced.ini/packages/Numeric.ini/corners/Numeric.ini
26,FLAT_LEFT,Voll Links,flat_left.ogg,1,pacenotes/Rbr.ini/packages/Numeric.ini/corners/Numeric.ini
26,FLAT_LEFT,Voll Links,flat_left.ogg,1,pacenotes/Rbr-Enhanced.ini/packages/Numeric.ini/corners/Numeric.ini
27,BRIDGE,Brücke,bridge.ogg,1,pacenotes/Rbr.ini/packages/Extended.ini/obstacles/Extended.ini
27,BRIDGE,Brücke,bridge.ogg,1,pacenotes/Rbr-Enhanced.ini/packages/Extended.ini/obstacles/Extended.ini
28,GOSTRAIGHT,Geradeaus,gostraight.ogg,1,pacenotes/Rbr.ini/packages/Extended.ini/line/Extended.ini
28,GOSTRAIGHT,Geradeaus,gostraight.ogg,1,pacenotes/Rbr-Enhanced.ini/packages/Extended.ini/line/Extended.ini
29,KEEPRIGHT,Rechts halten,keepright.ogg,1,pacenotes/Rbr.ini/packages/Extended.ini/line/Extended.ini
29,KEEPRIGHT,Rechts halten,keepright.ogg,1,pacenotes/Rbr-Enhanced.ini/packages/Extended.ini/line/Extended.ini
30,KEEPLEFT,Links halten,keepleft.ogg,1,pacenotes/Rbr.ini/packages/Extended.ini/line/Extended.ini
30,KEEPLEFT,Links halten,keepleft.ogg,1,pacenotes/Rbr-Enhanced.ini/packages/Extended.ini/line/Extended.ini
31,KEEPMIDDLE,Mittig halten,keepmiddle.ogg,1,pacenotes/Rbr.ini/packages/Extended.ini/line/Extended.ini
31,KEEPMIDDLE,Mittig halten,keepmiddle.ogg,1,pacenotes/Rbr-Enhanced.ini/packages/Extended.ini/line/Extended.ini
32,CAUTION,Achtung,caution.ogg,1,pacenotes/Rbr.ini/packages/Extended.ini/cautions/Extended.ini
32,CAUTION,Achtung,caution.ogg,1,pacenotes/Rbr-Enhanced.ini/packages/Extended.ini/cautions/Extended.ini
102,TWO_LEFT,1 Links,one_left.ogg,1,pacenotes/Rbr.ini/packages/Numeric.ini/corners/Numeric.ini
102,TWO_LEFT,1 Links,one_left.ogg,1,pacenotes/Rbr-Enhanced.ini/packages/Numeric.ini/corners/Numeric.ini
112,TWO_RIGHT,1 Rechts,one_right.ogg,1,pacenotes/Rbr.ini/packages/Numeric.ini/corners/Numeric.ini
112,TWO_RIGHT,1 Rechts,one_right.ogg,1,pacenotes/Rbr-Enhanced.ini/packages/Numeric.ini/corners/Numeric.ini
120,LEFT,Links,left.ogg,1,pacenotes/Rbr.ini/packages/Numeric.ini/corners/Numeric.ini
120,LEFT,Links,left.ogg,1,pacenotes/Rbr-Enhanced.ini/packages/Numeric.ini/corners/Numeric.ini
121,RIGHT,Rechts,right.ogg,1,pacenotes/Rbr.ini/packages/Numeric.ini/corners/Numeric.ini
121,RIGHT,Rechts,right.ogg,1,pacenotes/Rbr-Enhanced.ini/packages/Numeric.ini/corners/Numeric.ini
122,RIGHT_INTO,Rechts In,right_into.ogg,1,pacenotes/Rbr.ini/packages/Numeric.ini/corners/Numeric.ini
122,RIGHT_INTO,Rechts In,right_into.ogg,1,pacenotes/Rbr-Enhanced.ini/packages/Numeric.ini/corners/Numeric.ini
123,LEFT_INTO,Links In,left_into.ogg,1,pacenotes/Rbr.ini/packages/Numeric.ini/corners/Numeric.ini
123,LEFT_INTO,Links In,left_into.ogg,1,pacenotes/Rbr-Enhanced.ini/packages/Numeric.ini/corners/Numeric.ini
124,RIGHT_LEFT,Rechts-Links,right_left.ogg,1,pacenotes/Rbr.ini/packages/Numeric.ini/corners/Numeric.ini
124,RIGHT_LEFT,Rechts-Links,right_left.ogg,1,pacenotes/Rbr-Enhanced.ini/packages/Numeric.ini/corners/Numeric.ini
125,LEFT_RIGHT,Links-Rechts,left_right.ogg,1,pacenotes/Rbr.ini/packages/Numeric.ini/corners/Numeric.ini
125,LEFT_RIGHT,Links-Rechts,left_right.ogg,1,pacenotes/Rbr-Enhanced.ini/packages/Numeric.ini/corners/Numeric.ini
126,RIGHT_AROUND,Rechts Herum,right_around.ogg,1,pacenotes/Rbr.ini/packages/Numeric.ini/corners/Numeric.ini
126,RIGHT_AROUND,Rechts Herum,right_around.ogg,1,pacenotes/Rbr-Enhanced.ini/packages/Numeric.ini/corners/Numeric.ini
127,LEFT_AROUND,Links Herum,left_around.ogg,1,pacenotes/Rbr.ini/packages/Numeric.ini/corners/Numeric.ini
127,LEFT_AROUND,Links Herum,left_around.ogg,1,pacenotes/Rbr-Enhanced.ini/packages/Numeric.ini/corners/Numeric.ini
200,OVER_BRIDGE,Über Brücke,over_bridge.ogg,1,pacenotes/Rbr.ini/packages/Extended.ini/obstacles/Extended.ini
200,OVER_BRIDGE,Über Brücke,over_bridge.ogg,1,pacenotes/Rbr-Enhanced.ini/packages/Extended.ini/obstacles/Extended.ini
201,OVER_RAILS,Über Gleis,over_rails.ogg,1,pacenotes/Rbr.ini/packages/Extended.ini/obstacles/Extended.ini
201,OVER_RAILS,Über Gleis,over_rails.ogg,1,pacenotes/Rbr-Enhanced.ini/packages/Extended.ini/obstacles/Extended.ini
202,OVER_RAILWAY,Über Schienenstrang,over_railway.ogg,1,pacenotes/Rbr.ini/packages/Extended.ini/obstacles/Extended.ini
202,OVER_RAILWAY,Über Schienenstrang,over_railway.ogg,1,pacenotes/Rbr-Enhanced.ini/packages/Extended.ini/obstacles/Extended.ini
211,DEEPCUT,Cut Tief,deepcut.ogg,1,pacenotes/Rbr.ini/packages/Extended.ini/line/Extended.ini
211,DEEPCUT,Cut Tief,deepcut.ogg,1,pacenotes/Rbr-Enhanced.ini/packages/Extended.ini/line/Extended.ini
212,FULLCUT,Cut Voll,fullcut.ogg,1,pacenotes/Rbr.ini/packages/Extended.ini/line/Extended.ini
212,FULLCUT,Cut Voll,fullcut.ogg,1,pacenotes/Rbr-Enhanced.ini/packages/Extended.ini/line/Extended.ini
213,KEEP_CENTRE,Mittig Bleiben,keskelta.ogg,1,pacenotes/Rbr.ini/packages/Extended.ini/line/Extended.ini
213,KEEP_CENTRE,Mittig Bleiben,keskelta.ogg,1,pacenotes/Rbr-Enhanced.ini/packages/Extended.ini/line/Extended.ini
214,FULL,Voll,full.ogg,1,pacenotes/Rbr.ini/packages/Extended.ini/driving/Extended.ini
214,FULL,Voll,full.ogg,1,pacenotes/Rbr-Enhanced.ini/packages/Extended.ini/driving/Extended.ini
215,GO_FULL,Vollgas,go_full.ogg,1,pacenotes/Rbr.ini/packages/Extended.ini/driving/Extended.ini
215,GO_FULL,Vollgas,go_full.ogg,1,pacenotes/Rbr-Enhanced.ini/packages/Extended.ini/driving/Extended.ini
216,FLATOUT,Flatout,flatout.ogg,1,pacenotes/Rbr.ini/packages/Extended.ini/driving/Extended.ini
216,FLATOUT,Flatout,flatout.ogg,1,pacenotes/Rbr-Enhanced.ini/packages/Extended.ini/driving/Extended.ini
217,BRAKE,Bremsen,brake.ogg,1,pacenotes/Rbr.ini/packages/Extended.ini/cautions/Extended.ini
217,BRAKE,Bremsen,brake.ogg,1,pacenotes/Rbr-Enhanced.ini/packages/Extended.ini/cautions/Extended.ini
218,LIGHT_CUT,Cut Leicht,light_cut.ogg,1,pacenotes/Rbr.ini/packages/Extended.ini/line/Extended.ini
218,LIGHT_CUT,Cut Leicht,light_cut.ogg,1,pacenotes/Rbr-Enhanced.ini/packages/Extended.ini/line/Extended.ini
219,HANDBRAKE,Handbremse,handbrake.ogg,1,pacenotes/Rbr.ini/packages/Extended.ini/driving/Extended.ini
219,HANDBRAKE,Handbremse,handbrake.ogg,1,pacenotes/Rbr-Enhanced.ini/packages/Extended.ini/driving/Extended.ini
220,KEEP_IN,Innen bleiben,keep_in.ogg,1,pacenotes/Rbr.ini/packages/Extended.ini/line/Extended.ini
220,KEEP_IN,Innen bleiben,keep_in.ogg,1,pacenotes/Rbr-Enhanced.ini/packages/Extended.ini/line/Extended.ini
221,KEEP_OUT,Aussen bleiben,keep_out.ogg,1,pacenotes/Rbr.ini/packages/Extended.ini/line/Extended.ini
221,KEEP_OUT,Aussen bleiben,keep_out.ogg,1,pacenotes/Rbr-Enhanced.ini/packages/Extended.ini/line/Extended.ini
223,CLIP,Einhängen,clip.ogg,1,pacenotes/Rbr.ini/packages/Extended.ini/line/Extended.ini
223,CLIP,Einhängen,clip.ogg,1,pacenotes/Rbr-Enhanced.ini/packages/Extended.ini/line/Extended.ini
230,MINUS,Minus,minus.ogg,1,pacenotes/Rbr.ini/packages/Extended.ini/additional/Extended.ini
230,MINUS,Minus,minus.ogg,1,pacenotes/Rbr-Enhanced.ini/packages/Extended.ini/additional/Extended.ini
231,MINUSMINUS,MinusMinus,minusminus.ogg,1,pacenotes/Rbr.ini/packages/Extended.ini/additional/Extended.ini
231,MINUSMINUS,MinusMinus,minusminus.ogg,1,pacenotes/Rbr-Enhanced.ini/packages/Extended.ini/additional/Extended.ini
232,PLUS,Plus,plus.ogg,1,pacenotes/Rbr.ini/packages/Extended.ini/additional/Extended.ini
232,PLUS,Plus,plus.ogg,1,pacenotes/Rbr-Enhanced.ini/packages/Extended.ini/additional/Extended.ini
233,PLUSPLUS,PlusPlus,plusplus.ogg,1,pacenotes/Rbr.ini/packages/Extended.ini/additional/Extended.ini
233,PLUSPLUS,PlusPlus,plusplus.ogg,1,pacenotes/Rbr-Enhanced.ini/packages/Extended.ini/additional/Extended.ini
234,EARLY,Früh,early.ogg,1,pacenotes/Rbr.ini/packages/Extended.ini/additional/Extended.ini
234,EARLY,Früh,early.ogg,1,pacenotes/Rbr-Enhanced.ini/packages/Extended.ini/additional/Extended.ini
235,LATE,Spät,late.ogg,1,pacenotes/Rbr.ini/packages/Extended.ini/additional/Extended.ini
235,LATE,Spät,late.ogg,1,pacenotes/Rbr-Enhanced.ini/packages/Extended.ini/additional/Extended.ini
236,EASY,Wenig,easy.ogg,1,pacenotes/Rbr.ini/packages/Extended.ini/additional/Extended.ini
236,EASY,Wenig,easy.ogg,1,pacenotes/Rbr-Enhanced.ini/packages/Extended.ini/additional/Extended.ini
237,MUCH,Viel,much.ogg,1,pacenotes/Rbr.ini/packages/Extended.ini/additional/Extended.ini
237,MUCH,Viel,much.ogg,1,pacenotes/Rbr-Enhanced.ini/packages/Extended.ini/additional/Extended.ini
238,MANY,Viele,many.ogg,1,pacenotes/Rbr.ini/packages/Extended.ini/adjectives/Extended.ini
238,MANY,Viele,many.ogg,1,pacenotes/Rbr-Enhanced.ini/packages/Extended.ini/adjectives/Extended.ini
239,VERY,Sehr,very.ogg,1,pacenotes/Rbr.ini/packages/Extended.ini/adjectives/Extended.ini
239,VERY,Sehr,very.ogg,1,pacenotes/Rbr-Enhanced.ini/packages/Extended.ini/adjectives/Extended.ini
240,HARD,Stark,hard.ogg,1,pacenotes/Rbr.ini/packages/Extended.ini/additional/Extended.ini
240,HARD,Stark,hard.ogg,1,pacenotes/Rbr-Enhanced.ini/packages/Extended.ini/additional/Extended.ini
241,FAST,Schnell,fast.ogg,1,pacenotes/Rbr.ini/packages/Extended.ini/adjectives/Extended.ini
241,FAST,Schnell,fast.ogg,1,pacenotes/Rbr-Enhanced.ini/packages/Extended.ini/adjectives/Extended.ini
242,SLOW,Langsam,slow.ogg,1,pacenotes/Rbr.ini/packages/Extended.ini/adjectives/Extended.ini
242,SLOW,Langsam,slow.ogg,1,pacenotes/Rbr-Enhanced.ini/packages/Extended.ini/adjectives/Extended.ini
243,EXACT,Genau,exact.ogg,1,pacenotes/Rbr.ini/packages/Extended.ini/adjectives/Extended.ini
243,EXACT,Genau,exact.ogg,1,pacenotes/Rbr-Enhanced.ini/packages/Extended.ini/adjectives/Extended.ini
244,SLOWING,Langsamer,slowing.ogg,1,pacenotes/Rbr.ini/packages/Extended.ini/driving/Extended.ini
244,SLOWING,Langsamer,slowing.ogg,1,pacenotes/Rbr-Enhanced.ini/packages/Extended.ini/driving/Extended.ini
245,DIRECTLY,Sofort,directly.ogg,1,pacenotes/Rbr.ini/packages/Extended.ini/adjectives/Extended.ini
245,DIRECTLY,Sofort,directly.ogg,1,pacenotes/Rbr-Enhanced.ini/packages/Extended.ini/adjectives/Extended.ini
246,LIGHT,Leicht,light.ogg,1,pacenotes/Rbr.ini/packages/Extended.ini/adjectives/Extended.ini
246,LIGHT,Leicht,light.ogg,1,pacenotes/Rbr-Enhanced.ini/packages/Extended.ini/adjectives/Extended.ini
247,BIG,Groß,big.ogg,1,pacenotes/Rbr.ini/packages/Extended.ini/adjectives/Extended.ini
247,BIG,Groß,big.ogg,1,pacenotes/Rbr-Enhanced.ini/packages/Extended.ini/adjectives/Extended.ini
248,SMALL,Klein,small.ogg,1,pacenotes/Rbr.ini/packages/Extended.ini/adjectives/Extended.ini
248,SMALL,Klein,small.ogg,1,pacenotes/Rbr-Enhanced.ini/packages/Extended.ini/adjectives/Extended.ini
249,SHARP,Spitz,sharp.ogg,1,pacenotes/Rbr.ini/packages/Extended.ini/additional/Extended.ini
249,SHARP,Spitz,sharp.ogg,1,pacenotes/Rbr-Enhanced.ini/packages/Extended.ini/additional/Extended.ini
250,ROUND,Rund,round.ogg,1,pacenotes/Rbr.ini/packages/Extended.ini/additional/Extended.ini
250,ROUND,Rund,round.ogg,1,pacenotes/Rbr-Enhanced.ini/packages/Extended.ini/additional/Extended.ini
251,TIGHT,Eng,tight.ogg,1,pacenotes/Rbr.ini/packages/Extended.ini/additional/Extended.ini
251,TIGHT,Eng,tight.ogg,1,pacenotes/Rbr-Enhanced.ini/packages/Extended.ini/additional/Extended.ini
252,SLIGHT,Etwas,slight.ogg,1,pacenotes/Rbr.ini/packages/Extended.ini/adjectives/Extended.ini
252,SLIGHT,Etwas,slight.ogg,1,pacenotes/Rbr-Enhanced.ini/packages/Extended.ini/adjectives/Extended.ini
253,GOOD,Gut,good.ogg,1,pacenotes/Rbr.ini/packages/Extended.ini/adjectives/Extended.ini
253,GOOD,Gut,good.ogg,1,pacenotes/Rbr-Enhanced.ini/packages/Extended.ini/adjectives/Extended.ini
254,BAD,Schlecht,bad.ogg,1,pacenotes/Rbr.ini/packages/Extended.ini/adjectives/Extended.ini
254,BAD,Schlecht,bad.ogg,1,pacenotes/Rbr-Enhanced.ini/packages/Extended.ini/adjectives/Extended.ini
255,NARROW,Eng,narrow.ogg,1,pacenotes/Rbr.ini/packages/Extended.ini/road/Extended.ini
255,NARROW,Eng,narrow.ogg,1,pacenotes/Rbr-Enhanced.ini/packages/Extended.ini/road/Extended.ini
256,WIDE,Breit,wide.ogg,1,pacenotes/Rbr.ini/packages/Extended.ini/road/Extended.ini
256,WIDE,Breit,wide.ogg,1,pacenotes/Rbr-Enhanced.ini/packages/Extended.ini/road/Extended.ini
257,STRAIGHT,Gerade,straight.ogg,1,pacenotes/Rbr.ini/packages/Extended.ini/adjectives/Extended.ini
257,STRAIGHT,Gerade,straight.ogg,1,pacenotes/Rbr-Enhanced.ini/packages/Extended.ini/adjectives/Extended.ini
260,UPHILL,Bergauf,uphill.ogg,1,pacenotes/Rbr.ini/packages/Extended.ini/line/Extended.ini
260,UPHILL,Bergauf,uphill.ogg,1,pacenotes/Rbr-Enhanced.ini/packages/Extended.ini/line/Extended.ini
261,DOWNHILL,Bergab,downhill.ogg,1,pacenotes/Rbr.ini/packages/Extended.ini/line/Extended.ini
261,DOWNHILL,Bergab,downhill.ogg,1,pacenotes/Rbr-Enhanced.ini/packages/Extended.ini/line/Extended.ini
263,LONGLONG,LangLang,longlong.ogg,1,pacenotes/Rbr.ini/packages/Extended.ini/additional/Extended.ini
263,LONGLONG,LangLang,longlong.ogg,1,pacenotes/Rbr-Enhanced.ini/packages/Extended.ini/additional/Extended.ini
264,SHORT,Kurz,short.ogg,1,pacenotes/Rbr.ini/packages/Extended.ini/additional/Extended.ini
264,SHORT,Kurz,short.ogg,1,pacenotes/Rbr-Enhanced.ini/packages/Extended.ini/additional/Extended.ini
265,SHORTSHORT,KurzKurz,shortshort.ogg,1,pacenotes/Rbr.ini/packages/Extended.ini/additional/Extended.ini
265,SHORTSHORT,KurzKurz,shortshort.ogg,1,pacenotes/Rbr-Enhanced.ini/packages/Extended.ini/additional/Extended.ini
266,GONARROW,Wird Enger,gonarrow.ogg,1,pacenotes/Rbr.ini/packages/Extended.ini/line/Extended.ini
266,GONARROW,Wird Enger,gonarrow.ogg,1,pacenotes/Rbr-Enhanced.ini/packages/Extended.ini/line/Extended.ini
267,GOWIDE,Wird Breiter,gowide.ogg,1,pacenotes/Rbr.ini/packages/Extended.ini/line/Extended.ini
267,GOWIDE,Wird Breiter,gowide.ogg,1,pacenotes/Rbr-Enhanced.ini/packages/Extended.ini/line/Extended.ini
268,SLIPPERY,Schmiert,slippery.ogg,1,pacenotes/Rbr.ini/packages/Extended.ini/cautions/Extended.ini
268,SLIPPERY,Schmiert,slippery.ogg,1,pacenotes/Rbr-Enhanced.ini/packages/Extended.ini/cautions/Extended.ini
269,SLIDE,Gleiten,slide.ogg,1,pacenotes/Rbr.ini/packages/Extended.ini/condition/Extended.ini
269,SLIDE,Gleiten,slide.ogg,1,pacenotes/Rbr-Enhanced.ini/packages/Extended.ini/condition/Extended.ini
270,UNDERSTEER,Schiebt,understeer.ogg,1,pacenotes/Rbr.ini/packages/Extended.ini/driving/Extended.ini
270,UNDERSTEER,Schiebt,understeer.ogg,1,pacenotes/Rbr-Enhanced.ini/packages/Extended.ini/driving/Extended.ini
271,SIDEWAYS,Versetzt,sideways.ogg,1,pacenotes/Rbr.ini/packages/Extended.ini/line/Extended.ini
271,SIDEWAYS,Versetzt,sideways.ogg,1,pacenotes/Rbr-Enhanced.ini/packages/Extended.ini/line/Extended.ini
272,HOOK,Einhängen,hook.ogg,1,pacenotes/Rbr.ini/packages/Extended.ini/line/Extended.ini
272,HOOK,Einhängen,hook.ogg,1,pacenotes/Rbr-Enhanced.ini/packages/Extended.ini/line/Extended.ini
273,DRAWS_IN,Dreht Ein,draws_in.ogg,1,pacenotes/Rbr.ini/packages/Extended.ini/driving/Extended.ini
273,DRAWS_IN,Dreht Ein,draws_in.ogg,1,pacenotes/Rbr-Enhanced.ini/packages/Extended.ini/driving/Extended.ini
274,VERY_LONG,Sehr Lang,very_long.ogg,1,pacenotes/Rbr.ini/packages/Extended.ini/additional/Extended.ini
274,VERY_LONG,Sehr Lang,very_long.ogg,1,pacenotes/Rbr-Enhanced.ini/packages/Extended.ini/additional/Extended.ini
275,VERY_SHORT,Sehr Kurz,very_short.ogg,1,pacenotes/Rbr.ini/packages/Extended.ini/additional/Extended.ini
275,VERY_SHORT,Sehr Kurz,very_short.ogg,1,pacenotes/Rbr-Enhanced.ini/packages/Extended.ini/additional/Extended.ini
277,SLIPPY,Rutschig,slippy.ogg,1,pacenotes/Rbr.ini/packages/Extended.ini/cautions/Extended.ini
277,SLIPPY,Rutschig,slippy.ogg,1,pacenotes/Rbr-Enhanced.ini/packages/Extended.ini/cautions/Extended.ini
290,MUDDY,Matsch,muddy.ogg,1,pacenotes/Rbr.ini/packages/Extended.ini/condition/Extended.ini
290,MUDDY,Matsch,muddy.ogg,1,pacenotes/Rbr-Enhanced.ini/packages/Extended.ini/condition/Extended.ini
291,DIRTY,Schmutzig,dirty.ogg,1,pacenotes/Rbr.ini/packages/Extended.ini/condition/Extended.ini
291,DIRTY,Schmutzig,dirty.ogg,1,pacenotes/Rbr-Enhanced.ini/packages/Extended.ini/condition/Extended.ini
292,BUMPY,Bucklig,bumpy.ogg,1,pacenotes/Rbr.ini/packages/Extended.ini/condition/Extended.ini
292,BUMPY,Bucklig,bumpy.ogg,1,pacenotes/Rbr-Enhanced.ini/packages/Extended.ini/condition/Extended.ini
293,CRAMPED,Verengt,cramped.ogg,1,pacenotes/Rbr.ini/packages/Extended.ini/condition/Extended.ini
293,CRAMPED,Verengt,cramped.ogg,1,pacenotes/Rbr-Enhanced.ini/packages/Extended.ini/condition/Extended.ini
294,POSITIVE,Positiv,positive.ogg,1,pacenotes/Rbr.ini/packages/Extended.ini/adjectives/Extended.ini
294,POSITIVE,Positiv,positive.ogg,1,pacenotes/Rbr-Enhanced.ini/packages/Extended.ini/adjectives/Extended.ini
295,NEGATIVE,Negativ,negative.ogg,1,pacenotes/Rbr.ini/packages/Extended.ini/adjectives/Extended.ini
295,NEGATIVE,Negativ,negative.ogg,1,pacenotes/Rbr-Enhanced.ini/packages/Extended.ini/adjectives/Extended.ini
296,DIRT,Schmutz,dirt.ogg,1,pacenotes/Rbr.ini/packages/Extended.ini/condition/Extended.ini
296,DIRT,Schmutz,dirt.ogg,1,pacenotes/Rbr-Enhanced.ini/packages/Extended.ini/condition/Extended.ini
298,OPENS,Macht Auf,opens.ogg,1,pacenotes/Rbr.ini/packages/Extended.ini/adjectives/Extended.ini
298,OPENS,Macht Auf,opens.ogg,1,pacenotes/Rbr-Enhanced.ini/packages/Extended.ini/adjectives/Extended.ini
299,FAKES,Täuscht,fakes.ogg,1,pacenotes/Rbr.ini/packages/Extended.ini/cautions/Extended.ini
299,FAKES,Täuscht,fakes.ogg,1,pacenotes/Rbr-Enhanced.ini/packages/Extended.ini/cautions/Extended.ini
300,BUMPS,Schwellen,bumps.ogg,1,pacenotes/Rbr.ini/packages/Extended.ini/obstacles/Extended.ini
300,BUMPS,Schwellen,bumps.ogg,1,pacenotes/Rbr.ini/packages/Extended.ini/condition/Extended.ini
300,BUMPS,Schwellen,bumps.ogg,1,pacenotes/Rbr-Enhanced.ini/packages/Extended.ini/obstacles/Extended.ini
300,BUMPS,Schwellen,bumps.ogg,1,pacenotes/Rbr-Enhanced.ini/packages/Extended.ini/condition/Extended.ini
301,HIDDEN,Versteckt,hidden.ogg,1,pacenotes/Rbr.ini/packages/Extended.ini/cautions/Extended.ini
301,HIDDEN,Versteckt,hidden.ogg,1,pacenotes/Rbr-Enhanced.ini/packages/Extended.ini/cautions/Extended.ini
302,BLIND,Blind,blind.ogg,1,pacenotes/Rbr.ini/packages/Extended.ini/cautions/Extended.ini
302,BLIND,Blind,blind.ogg,1,pacenotes/Rbr-Enhanced.ini/packages/Extended.ini/cautions/Extended.ini
303,DOUBLE_CAUTION,Gut Aufpassen,double_caution.ogg,1,pacenotes/Rbr.ini/packages/Extended.ini/cautions/Extended.ini
303,DOUBLE_CAUTION,Gut Aufpassen,double_caution.ogg,1,pacenotes/Rbr-Enhanced.ini/packages/Extended.ini/cautions/Extended.ini
304,TRIPLE_CAUTION,Höchste Vorsicht,triple_caution.ogg,1,pacenotes/Rbr.ini/packages/Extended.ini/cautions/Extended.ini
304,TRIPLE_CAUTION,Höchste Vorsicht,triple_caution.ogg,1,pacenotes/Rbr-Enhanced.ini/packages/Extended.ini/cautions/Extended.ini
320,GRAVEL,Schotter,gravel.ogg,1,pacenotes/Rbr.ini/packages/Extended.ini/surface/Extended.ini
320,GRAVEL,Schotter,gravel.ogg,1,pacenotes/Rbr-Enhanced.ini/packages/Extended.ini/surface/Extended.ini
321,TARMAC,Asphalt,tarmac.ogg,1,pacenotes/Rbr.ini/packages/Extended.ini/surface/Extended.ini
321,TARMAC,Asphalt,tarmac.ogg,1,pacenotes/Rbr-Enhanced.ini/packages/Extended.ini/surface/Extended.ini
322,CONCRETE,Beton,concrete.ogg,1,pacenotes/Rbr.ini/packages/Extended.ini/surface/Extended.ini
322,CONCRETE,Beton,concrete.ogg,1,pacenotes/Rbr-Enhanced.ini/packages/Extended.ini/surface/Extended.ini
323,COBBLES,Pflaster,cobbles.ogg,1,pacenotes/Rbr.ini/packages/Extended.ini/surface/Extended.ini
323,COBBLES,Pflaster,cobbles.ogg,1,pacenotes/Rbr-Enhanced.ini/packages/Extended.ini/surface/Extended.ini
324,GRIT,Kies,grit.ogg,1,pacenotes/Rbr.ini/packages/Extended.ini/surface/Extended.ini
324,GRIT,Kies,grit.ogg,1,pacenotes/Rbr-Enhanced.ini/packages/Extended.ini/surface/Extended.ini
325,SNOW,Schnee,snow.ogg,1,pacenotes/Rbr.ini/packages/Extended.ini/surface/Extended.ini
325,SNOW,Schnee,snow.ogg,1,pacenotes/Rbr-Enhanced.ini/packages/Extended.ini/surface/Extended.ini
326,ONSPLIT,Splitt,onsplit.ogg,1,pacenotes/Rbr.ini/packages/Extended.ini/surface/Extended.ini
326,ONSPLIT,Splitt,onsplit.ogg,1,pacenotes/Rbr-Enhanced.ini/packages/Extended.ini/surface/Extended.ini
327,ICY,Eisig,icy.ogg,1,pacenotes/Rbr.ini/packages/Extended.ini/surface/Extended.ini
327,ICY,Eisig,icy.ogg,1,pacenotes/Rbr-Enhanced.ini/packages/Extended.ini/surface/Extended.ini
328,RUBBLE,Geröll,rubble.ogg,1,pacenotes/Rbr.ini/packages/Extended.ini/surface/Extended.ini
328,RUBBLE,Geröll,rubble.ogg,1,pacenotes/Rbr-Enhanced.ini/packages/Extended.ini/surface/Extended.ini
329,ICE,Eis,ice.ogg,1,pacenotes/Rbr.ini/packages/Extended.ini/surface/Extended.ini
329,ICE,Eis,ice.ogg,1,pacenotes/Rbr-Enhanced.ini/packages/Extended.ini/surface/Extended.ini
330,LOOSE_GRAVEL,Loser Schotter,loose_gravel.ogg,1,pacenotes/Rbr.ini/packages/Extended.ini/surface/Extended.ini
330,LOOSE_GRAVEL,Loser Schotter,loose_gravel.ogg,1,pacenotes/Rbr-Enhanced.ini/packages/Extended.ini/surface/Extended.ini
340,CREST,Kuppe,crest.ogg,1,pacenotes/Rbr.ini/packages/Extended.ini/obstacles/Extended.ini
340,CREST,Kuppe,crest.ogg,1,pacenotes/Rbr-Enhanced.ini/packages/Extended.ini/obstacles/Extended.ini
341,HOLLOW,Senke,hollow.ogg,1,pacenotes/Rbr.ini/packages/Extended.ini/road/Extended.ini
341,HOLLOW,Senke,hollow.ogg,1,pacenotes/Rbr-Enhanced.ini/packages/Extended.ini/road/Extended.ini
342,CAMBER,Wölbung,camber.ogg,1,pacenotes/Rbr.ini/packages/Extended.ini/road/Extended.ini
342,CAMBER,Wölbung,camber.ogg,1,pacenotes/Rbr-Enhanced.ini/packages/Extended.ini/road/Extended.ini
343,REVERSE_CAMBER,Wanne,reverse_camber.ogg,1,pacenotes/Rbr.ini/packages/Extended.ini/road/Extended.ini
343,REVERSE_CAMBER,Wanne,reverse_camber.ogg,1,pacenotes/Rbr-Enhanced.ini/packages/Extended.ini/road/Extended.ini
344,HOLE,Loch,hole.ogg,1,pacenotes/Rbr.ini/packages/Extended.ini/obstacles/Extended.ini
344,HOLE,Loch,hole.ogg,1,pacenotes/Rbr.ini/packages/Extended.ini/cautions/Extended.ini
344,HOLE,Loch,hole.ogg,1,pacenotes/Rbr-Enhanced.ini/packages/Extended.ini/obstacles/Extended.ini
344,HOLE,Loch,hole.ogg,1,pacenotes/Rbr-Enhanced.ini/packages/Extended.ini/cautions/Extended.ini
345,RUTS,Rillen,ruts.ogg,1,pacenotes/Rbr.ini/packages/Extended.ini/cautions/Extended.ini
345,RUTS,Rillen,ruts.ogg,1,pacenotes/Rbr-Enhanced.ini/packages/Extended.ini/cautions/Extended.ini
346,DEEPRUTS,Tiefe Rillen,deepruts.ogg,1,pacenotes/Rbr.ini/packages/Extended.ini/cautions/Extended.ini
346,DEEPRUTS,Tiefe Rillen,deepruts.ogg,1,pacenotes/Rbr-Enhanced.ini/packages/Extended.ini/cautions/Extended.ini
347,BORDER,Rand,border.ogg,1,pacenotes/Rbr.ini/packages/Extended.ini/cautions/Extended.ini
347,BORDER,Rand,border.ogg,1,pacenotes/Rbr-Enhanced.ini/packages/Extended.ini/cautions/Extended.ini
348,EDGE,Kante,edge.ogg,1,pacenotes/Rbr.ini/packages/Extended.ini/cautions/Extended.ini
348,EDGE,Kante,edge.ogg,1,pacenotes/Rbr-Enhanced.ini/packages/Extended.ini/cautions/Extended.ini
349,CURB,Bordstein,curb.ogg,1,pacenotes/Rbr.ini/packages/Extended.ini/cautions/Extended.ini
349,CURB,Bordstein,curb.ogg,1,pacenotes/Rbr-Enhanced.ini/packages/Extended.ini/cautions/Extended.ini
350,DITCH,Graben,ditch.ogg,1,pacenotes/Rbr.ini/packages/Extended.ini/cautions/Extended.ini
350,DITCH,Graben,ditch.ogg,1,pacenotes/Rbr-Enhanced.ini/packages/Extended.ini/cautions/Extended.ini
351,JUNCTION,Abzweig,junction.ogg,1,pacenotes/Rbr.ini/packages/Extended.ini/line/Extended.ini
351,JUNCTION,Abzweig,junction.ogg,1,pacenotes/Rbr-Enhanced.ini/packages/Extended.ini/line/Extended.ini
352,CURVE,Kurve,curve.ogg,1,pacenotes/Rbr.ini/packages/Extended.ini/road/Extended.ini
352,CURVE,Kurve,curve.ogg,1,pacenotes/Rbr-Enhanced.ini/packages/Extended.ini/road/Extended.ini
353,TURN,Abbiegen,turn.ogg,1,pacenotes/Rbr.ini/packages/Extended.ini/road/Extended.ini
353,TURN,Abbiegen,turn.ogg,1,pacenotes/Rbr-Enhanced.ini/packages/Extended.ini/road/Extended.ini
354,STEEP_DROP,Steiler Abhang,steep_drop.ogg,1,pacenotes/Rbr.ini/packages/Extended.ini/cautions/Extended.ini
354,STEEP_DROP,Steiler Abhang,steep_drop.ogg,1,pacenotes/Rbr-Enhanced.ini/packages/Extended.ini/cautions/Extended.ini
355,BAD_CAMBER,Starke Wölbung,bad_camber.ogg,1,pacenotes/Rbr.ini/packages/Extended.ini/road/Extended.ini
355,BAD_CAMBER,Starke Wölbung,bad_camber.ogg,1,pacenotes/Rbr-Enhanced.ini/packages/Extended.ini/road/Extended.ini
356,SHOULDER,Bankett,shoulder.ogg,1,pacenotes/Rbr.ini/packages/Extended.ini/cautions/Extended.ini
356,SHOULDER,Bankett,shoulder.ogg,1,pacenotes/Rbr-Enhanced.ini/packages/Extended.ini/cautions/Extended.ini
357,STEEP_HILL,Steiles Gefälle,steep_hill.ogg,1,pacenotes/Rbr.ini/packages/Extended.ini/cautions/Extended.ini
357,STEEP_HILL,Steiles Gefälle,steep_hill.ogg,1,pacenotes/Rbr-Enhanced.ini/packages/Extended.ini/cautions/Extended.ini
358,STEEP_INCLINE,Steiler Anstieg,steep_incline.ogg,1,pacenotes/Rbr.ini/packages/Extended.ini/cautions/Extended.ini
358,STEEP_INCLINE,Steiler Anstieg,steep_incline.ogg,1,pacenotes/Rbr-Enhanced.ini/packages/Extended.ini/cautions/Extended.ini
359,STEEP_SLOPE,Steilhang,steep_slope.ogg,1,pacenotes/Rbr.ini/packages/Extended.ini/cautions/Extended.ini
359,STEEP_SLOPE,Steilhang,steep_slope.ogg,1,pacenotes/Rbr-Enhanced.ini/packages/Extended.ini/cautions/Extended.ini
361,DIP,Abhang,dip.ogg,1,pacenotes/Rbr.ini/packages/Extended.ini/obstacles/Extended.ini
361,DIP,Abhang,dip.ogg,1,pacenotes/Rbr-Enhanced.ini/packages/Extended.ini/obstacles/Extended.ini
362,DROPS,,drops.ogg,1,pacenotes/Rbr.ini/packages/Extended.ini/road/Extended.ini
362,DROPS,,drops.ogg,1,pacenotes/Rbr-Enhanced.ini/packages/Extended.ini/road/Extended.ini
363,DROPS_LEFT,Hängt Links,drops_left.ogg,1,pacenotes/Rbr.ini/packages/Extended.ini/road/Extended.ini
363,DROPS_LEFT,Hängt Links,drops_left.ogg,1,pacenotes/Rbr-Enhanced.ini/packages/Extended.ini/road/Extended.ini
364,DROPS_RIGHT,Hängt Rechts,drops_right.ogg,1,pacenotes/Rbr.ini/packages/Extended.ini/road/Extended.ini
364,DROPS_RIGHT,Hängt Rechts,drops_right.ogg,1,pacenotes/Rbr-Enhanced.ini/packages/Extended.ini/road/Extended.ini
365,FORK_LEFT,Abzweig Links,fork_left.ogg,1,pacenotes/Rbr.ini/packages/Extended.ini/road/Extended.ini
365,FORK_LEFT,Abzweig Links,fork_left.ogg,1,pacenotes/Rbr-Enhanced.ini/packages/Extended.ini/road/Extended.ini
366,FORK_RIGHT,Abzweig Rechts,fork_right.ogg,1,pacenotes/Rbr.ini/packages/Extended.ini/road/Extended.ini
366,FORK_RIGHT,Abzweig Rechts,fork_right.ogg,1,pacenotes/Rbr-Enhanced.ini/packages/Extended.ini/road/Extended.ini
367,NEGATIVE_CAMBER,,negative_camber.ogg,1,pacenotes/Rbr.ini/packages/Extended.ini/road/Extended.ini
367,NEGATIVE_CAMBER,,negative_camber.ogg,1,pacenotes/Rbr-Enhanced.ini/packages/Extended.ini/road/Extended.ini
368,POSITIVE_CAMBER,,positive_camber.ogg,1,pacenotes/Rbr.ini/packages/Extended.ini/road/Extended.ini
368,POSITIVE_CAMBER,,positive_camber.ogg,1,pacenotes/Rbr-Enhanced.ini/packages/Extended.ini/road/Extended.ini
370,FENCE,Zaun,fence.ogg,1,pacenotes/Rbr.ini/packages/Extended.ini/construction/Extended.ini
370,FENCE,Zaun,fence.ogg,1,pacenotes/Rbr-Enhanced.ini/packages/Extended.ini/construction/Extended.ini
371,WALL,Mauer,wall.ogg,1,pacenotes/Rbr.ini/packages/Extended.ini/construction/Extended.ini
371,WALL,Mauer,wall.ogg,1,pacenotes/Rbr-Enhanced.ini/packages/Extended.ini/construction/Extended.ini
372,HOUSE,Haus,house.ogg,1,pacenotes/Rbr.ini/packages/Extended.ini/construction/Extended.ini
372,HOUSE,Haus,house.ogg,1,pacenotes/Rbr-Enhanced.ini/packages/Extended.ini/construction/Extended.ini
373,TREE,Baum,tree.ogg,1,pacenotes/Rbr.ini/packages/Extended.ini/obstacles/Extended.ini
373,TREE,Baum,tree.ogg,1,pacenotes/Rbr-Enhanced.ini/packages/Extended.ini/obstacles/Extended.ini
374,STUMP,Stumpf,stump.ogg,1,pacenotes/Rbr.ini/packages/Extended.ini/obstacles/Extended.ini
374,STUMP,Stumpf,stump.ogg,1,pacenotes/Rbr-Enhanced.ini/packages/Extended.ini/obstacles/Extended.ini
375,MAST,Mast,mast.ogg,1,pacenotes/Rbr.ini/packages/Extended.ini/construction/Extended.ini
375,MAST,Mast,mast.ogg,1,pacenotes/Rbr-Enhanced.ini/packages/Extended.ini/construction/Extended.ini
376,POST,Pfosten,post.ogg,1,pacenotes/Rbr.ini/packages/Extended.ini/construction/Extended.ini
376,POST,Pfosten,post.ogg,1,pacenotes/Rbr-Enhanced.ini/packages/Extended.ini/construction/Extended.ini
377,ISLAND,Kreisel,island.ogg,1,pacenotes/Rbr.ini/packages/Extended.ini/construction/Extended.ini
377,ISLAND,Kreisel,island.ogg,1,pacenotes/Rbr-Enhanced.ini/packages/Extended.ini/construction/Extended.ini
378,CHICANE,Schikane,chicane.ogg,1,pacenotes/Rbr.ini/packages/Extended.ini/construction/Extended.ini
378,CHICANE,Schikane,chicane.ogg,1,pacenotes/Rbr-Enhanced.ini/packages/Extended.ini/construction/Extended.ini
379,STONE,Stein,stone.ogg,1,pacenotes/Rbr.ini/packages/Extended.ini/obstacles/Extended.ini
379,STONE,Stein,stone.ogg,1,pacenotes/Rbr-Enhanced.ini/packages/Extended.ini/obstacles/Extended.ini
380,ROCK,Fels,rock.ogg,1,pacenotes/Rbr.ini/packages/Extended.ini/obstacles/Extended.ini
380,ROCK,Fels,rock.ogg,1,pacenotes/Rbr-Enhanced.ini/packages/Extended.ini/obstacles/Extended.ini
381,TUNNEL,Tunnel,tunnel.ogg,1,pacenotes/Rbr.ini/packages/Extended.ini/obstacles/Extended.ini
381,TUNNEL,Tunnel,tunnel.ogg,1,pacenotes/Rbr-Enhanced.ini/packages/Extended.ini/obstacles/Extended.ini
382,ROAD,Straße,road.ogg,1,pacenotes/Rbr.ini/packages/Extended.ini/construction/Extended.ini
382,ROAD,Straße,road.ogg,1,pacenotes/Rbr-Enhanced.ini/packages/Extended.ini/construction/Extended.ini
383,WALK,Weg,walk.ogg,1,pacenotes/Rbr.ini/packages/Extended.ini/construction/Extended.ini
383,WALK,Weg,walk.ogg,1,pacenotes/Rbr-Enhanced.ini/packages/Extended.ini/construction/Extended.ini
384,RAILS,Gleis,rails.ogg,1,pacenotes/Rbr.ini/packages/Extended.ini/obstacles/Extended.ini
384,RAILS,Gleis,rails.ogg,1,pacenotes/Rbr-Enhanced.ini/packages/Extended.ini/obstacles/Extended.ini
385,SIGN,Schild,sign.ogg,1,pacenotes/Rbr.ini/packages/Extended.ini/obstacles/Extended.ini
385,SIGN,Schild,sign.ogg,1,pacenotes/Rbr-Enhanced.ini/packages/Extended.ini/obstacles/Extended.ini
386,BUSH,Busch,bush.ogg,1,pacenotes/Rbr.ini/packages/Extended.ini/obstacles/Extended.ini
386,BUSH,Busch,bush.ogg,1,pacenotes/Rbr-Enhanced.ini/packages/Extended.ini/obstacles/Extended.ini
387,PATH,Weg,path.ogg,1,pacenotes/Rbr.ini/packages/Extended.ini/construction/Extended.ini
387,PATH,Weg,path.ogg,1,pacenotes/Rbr-Enhanced.ini/packages/Extended.ini/construction/Extended.ini
388,WATER,Wasser,water.ogg,1,pacenotes/Rbr.ini/packages/Extended.ini/obstacles/Extended.ini
388,WATER,Wasser,water.ogg,1,pacenotes/Rbr-Enhanced.ini/packages/Extended.ini/obstacles/Extended.ini
389,PUDDLE,Pfütze,puddle.ogg,1,pacenotes/Rbr.ini/packages/Extended.ini/obstacles/Extended.ini
389,PUDDLE,Pfütze,puddle.ogg,1,pacenotes/Rbr-Enhanced.ini/packages/Extended.ini/obstacles/Extended.ini
392,LEFT_ENTRY_CHICANE,Schikane Eingang Links,left_entry_chicane.ogg,1,pacenotes/Rbr.ini/packages/Extended.ini/line/Extended.ini
392,LEFT_ENTRY_CHICANE,Schikane Eingang Links,left_entry_chicane.ogg,1,pacenotes/Rbr-Enhanced.ini/packages/Extended.ini/line/Extended.ini
393,RIGHT_ENTRY_CHICANE,Schikane Eingang Rechts,right_entry_chicane.ogg,1,pacenotes/Rbr.ini/packages/Extended.ini/line/Extended.ini
393,RIGHT_ENTRY_CHICANE,Schikane Eingang Rechts,right_entry_chicane.ogg,1,pacenotes/Rbr-Enhanced.ini/packages/Extended.ini/line/Extended.ini
397,BARRELS,Fässer,barrels.ogg,1,pacenotes/Rbr.ini/packages/Extended.ini/obstacles/Extended.ini
397,BARRELS,Fässer,barrels.ogg,1,pacenotes/Rbr-Enhanced.ini/packages/Extended.ini/obstacles/Extended.ini
399,ROUNDABOUT,Kreisverkehr,roundabout.ogg,1,pacenotes/Rbr.ini/packages/Extended.ini/construction/Extended.ini
399,ROUNDABOUT,Kreisverkehr,roundabout.ogg,1,pacenotes/Rbr-Enhanced.ini/packages/Extended.ini/construction/Extended.ini
400,THROUGH,Durch,through.ogg,1,pacenotes/Rbr.ini/packages/Extended.ini/prepositions/Extended.ini
400,THROUGH,Durch,through.ogg,1,pacenotes/Rbr-Enhanced.ini/packages/Extended.ini/prepositions/Extended.ini
401,AFTER,Nach,after.ogg,1,pacenotes/Rbr.ini/packages/Extended.ini/prepositions/Extended.ini
401,AFTER,Nach,after.ogg,1,pacenotes/Rbr-Enhanced.ini/packages/Extended.ini/prepositions/Extended.ini
402,NEAR,Nahe,near.ogg,1,pacenotes/Rbr.ini/packages/Extended.ini/prepositions/Extended.ini
402,NEAR,Nahe,near.ogg,1,pacenotes/Rbr-Enhanced.ini/packages/Extended.ini/prepositions/Extended.ini
403,ON,Auf,on.ogg,1,pacenotes/Rbr.ini/packages/Extended.ini/prepositions/Extended.ini
403,ON,Auf,on.ogg,1,pacenotes/Rbr-Enhanced.ini/packages/Extended.ini/prepositions/Extended.ini
404,UNTIL,Bis,until.ogg,1,pacenotes/Rbr.ini/packages/Extended.ini/prepositions/Extended.ini
404,UNTIL,Bis,until.ogg,1,pacenotes/Rbr-Enhanced.ini/packages/Extended.ini/prepositions/Extended.ini
405,AT,Bei,at.ogg,1,pacenotes/Rbr.ini/packages/Extended.ini/prepositions/Extended.ini
405,AT,Bei,at.ogg,1,pacenotes/Rbr-Enhanced.ini/packages/Extended.ini/prepositions/Extended.ini
406,BEFORE,Vor,before.ogg,1,pacenotes/Rbr.ini/packages/Extended.ini/prepositions/Extended.ini
406,BEFORE,Vor,before.ogg,1,pacenotes/Rbr-Enhanced.ini/packages/Extended.ini/prepositions/Extended.ini
407,OVER,Über,over.ogg,1,pacenotes/Rbr.ini/packages/Extended.ini/prepositions/Extended.ini
407,OVER,Über,over.ogg,1,pacenotes/Rbr-Enhanced.ini/packages/Extended.ini/prepositions/Extended.ini
408,IN,In,in.ogg,1,pacenotes/Rbr.ini/packages/Extended.ini/prepositions/Extended.ini
408,IN,In,in.ogg,1,pacenotes/Rbr-Enhanced.ini/packages/Extended.ini/prepositions/Extended.ini
409,BEHIND,Hinter,behind.ogg,1,pacenotes/Rbr.ini/packages/Extended.ini/prepositions/Extended.ini
409,BEHIND,Hinter,behind.ogg,1,pacenotes/Rbr-Enhanced.ini/packages/Extended.ini/prepositions/Extended.ini
410,FOR,Für,for.ogg,1,pacenotes/Rbr.ini/packages/Extended.ini/prepositions/Extended.ini
410,FOR,Für,for.ogg,1,pacenotes/Rbr-Enhanced.ini/packages/Extended.ini/prepositions/Extended.ini
411,INSIDE,Innen,inside.ogg,1,pacenotes/Rbr.ini/packages/Extended.ini/prepositions/Extended.ini
411,INSIDE,Innen,inside.ogg,1,pacenotes/Rbr.ini/packages/Extended.ini/additional/Extended.ini
411,INSIDE,Innen,inside.ogg,1,pacenotes/Rbr-Enhanced.ini/packages/Extended.ini/prepositions/Extended.ini
411,INSIDE,Innen,inside.ogg,1,pacenotes/Rbr-Enhanced.ini/packages/Extended.ini/additional/Extended.ini
412,OUTSIDE,Außen,outside.ogg,1,pacenotes/Rbr.ini/packages/Extended.ini/prepositions/Extended.ini
412,OUTSIDE,Außen,outside.ogg,1,pacenotes/Rbr.ini/packages/Extended.ini/additional/Extended.ini
412,OUTSIDE,Außen,outside.ogg,1,pacenotes/Rbr-Enhanced.ini/packages/Extended.ini/prepositions/Extended.ini
412,OUTSIDE,Außen,outside.ogg,1,pacenotes/Rbr-Enhanced.ini/packages/Extended.ini/additional/Extended.ini
413,THEN,,then.ogg,1,pacenotes/Rbr.ini/packages/Extended.ini/prepositions/Extended.ini
413,THEN,,then.ogg,1,pacenotes/Rbr-Enhanced.ini/packages/Extended.ini/prepositions/Extended.ini
414,OFF,,off.ogg,1,pacenotes/Rbr.ini/packages/Extended.ini/prepositions/Extended.ini
414,OFF,,off.ogg,1,pacenotes/Rbr-Enhanced.ini/packages/Extended.ini/prepositions/Extended.ini
430,DONE,Ende,done.ogg,1,pacenotes/Rbr.ini/packages/Extended.ini/links/Extended.ini
430,DONE,Ende,done.ogg,1,pacenotes/Rbr-Enhanced.ini/packages/Extended.ini/links/Extended.ini
431,STOP,Stop,stop.ogg,1,pacenotes/Rbr.ini/packages/Extended.ini/links/Extended.ini
431,STOP,Stop,stop.ogg,1,pacenotes/Rbr-Enhanced.ini/packages/Extended.ini/links/Extended.ini
432,LINE,Linie,line.ogg,1,pacenotes/Rbr.ini/packages/Extended.ini/line/Extended.ini
432,LINE,Linie,line.ogg,1,pacenotes/Rbr-Enhanced.ini/packages/Extended.ini/line/Extended.ini
443,WOODEN_FENCE,Holzzaun,wooden_fence.ogg,1,pacenotes/Rbr.ini/packages/Extended.ini/construction/Extended.ini
443,WOODEN_FENCE,Holzzaun,wooden_fence.ogg,1,pacenotes/Rbr-Enhanced.ini/packages/Extended.ini/construction/Extended.ini
540,ONTO_GRAVEL,Auf Schotter,onto_gravel.ogg,1,pacenotes/Rbr.ini/packages/Extended.ini/surface/Extended.ini
540,ONTO_GRAVEL,Auf Schotter,onto_gravel.ogg,1,pacenotes/Rbr-Enhanced.ini/packages/Extended.ini/surface/Extended.ini
541,ONTO_TARMAC,Auf Asphalt,onto_tarmac.ogg,1,pacenotes/Rbr.ini/packages/Extended.ini/surface/Extended.ini
541,ONTO_TARMAC,Auf Asphalt,onto_tarmac.ogg,1,pacenotes/Rbr-Enhanced.ini/packages/Extended.ini/surface/Extended.ini
542,ONTO_CONCRETE,Auf Beton,onto_concrete.ogg,1,pacenotes/Rbr.ini/packages/Extended.ini/surface/Extended.ini
542,ONTO_CONCRETE,Auf Beton,onto_concrete.ogg,1,pacenotes/Rbr-Enhanced.ini/packages/Extended.ini/surface/Extended.ini
543,ONTO_COBBLES,Auf Pflaster,onto_cobbles.ogg,1,pacenotes/Rbr.ini/packages/Extended.ini/surface/Extended.ini
543,ONTO_COBBLES,Auf Pflaster,onto_cobbles.ogg,1,pacenotes/Rbr-Enhanced.ini/packages/Extended.ini/surface/Extended.ini
544,ONTO_GRIT,Auf Kies,onto_grit.ogg,1,pacenotes/Rbr.ini/packages/Extended.ini/surface/Extended.ini
544,ONTO_GRIT,Auf Kies,onto_grit.ogg,1,pacenotes/Rbr-Enhanced.ini/packages/Extended.ini/surface/Extended.ini
545,ONTO_SNOW,Auf Schnee,onto_snow.ogg,1,pacenotes/Rbr.ini/packages/Extended.ini/surface/Extended.ini
545,ONTO_SNOW,Auf Schnee,onto_snow.ogg,1,pacenotes/Rbr-Enhanced.ini/packages/Extended.ini/surface/Extended.ini
546,WET,Nass,wet.ogg,1,pacenotes/Rbr.ini/packages/Extended.ini/condition/Extended.ini
546,WET,Nass,wet.ogg,1,pacenotes/Rbr-Enhanced.ini/packages/Extended.ini/condition/Extended.ini
547,DRY,Trocken,dry.ogg,1,pacenotes/Rbr.ini/packages/Extended.ini/condition/Extended.ini
547,DRY,Trocken,dry.ogg,1,pacenotes/Rbr-Enhanced.ini/packages/Extended.ini/condition/Extended.ini
548,DAMP,Feucht,damp.ogg,1,pacenotes/Rbr.ini/packages/Extended.ini/condition/Extended.ini
548,DAMP,Feucht,damp.ogg,1,pacenotes/Rbr-Enhanced.ini/packages/Extended.ini/condition/Extended.ini
549,HOLD,Halten,hold.ogg,1,pacenotes/Rbr.ini/packages/Extended.ini/line/Extended.ini
549,HOLD,Halten,hold.ogg,1,pacenotes/Rbr-Enhanced.ini/packages/Extended.ini/line/Extended.ini
550,TAKE_SPEED,Speed Mit,take_speed.ogg,1,pacenotes/Rbr.ini/packages/Extended.ini/driving/Extended.ini
550,TAKE_SPEED,Speed Mit,take_speed.ogg,1,pacenotes/Rbr-Enhanced.ini/packages/Extended.ini/driving/Extended.ini
551,L_FOOT_BRAKING,LinksFussBremsen,l_foot_braking.ogg,1,pacenotes/Rbr.ini/packages/Extended.ini/additional/Extended.ini
551,L_FOOT_BRAKING,LinksFussBremsen,l_foot_braking.ogg,1,pacenotes/Rbr-Enhanced.ini/packages/Extended.ini/additional/Extended.ini
552,GRIP_OFF,Reißt Ab,grip_off.ogg,1,pacenotes/Rbr.ini/packages/Extended.ini/condition/Extended.ini
552,GRIP_OFF,Reißt Ab,grip_off.ogg,1,pacenotes/Rbr-Enhanced.ini/packages/Extended.ini/condition/Extended.ini
553,GRIP,Grip,grip.ogg,1,pacenotes/Rbr.ini/packages/Extended.ini/condition/Extended.ini
553,GRIP,Grip,grip.ogg,1,pacenotes/Rbr-Enhanced.ini/packages/Extended.ini/condition/Extended.ini
554,GOOD_GRIP,Viel Grip,good_grip.ogg,1,pacenotes/Rbr.ini/packages/Extended.ini/condition/Extended.ini
554,GOOD_GRIP,Viel Grip,good_grip.ogg,1,pacenotes/Rbr-Enhanced.ini/packages/Extended.ini/condition/Extended.ini
555,TO_SIGHT_DISTANCE,Bis Sicht,to_sight_distance.ogg,1,pacenotes/Rbr.ini/packages/Extended.ini/line/Extended.ini
555,TO_SIGHT_DISTANCE,Bis Sicht,to_sight_distance.ogg,1,pacenotes/Rbr-Enhanced.ini/packages/Extended.ini/line/Extended.ini
556,SPLIT_TIME,Zeit,split_time.ogg,1,pacenotes/Rbr.ini/packages/Extended.ini/links/Extended.ini
556,SPLIT_TIME,Zeit,split_time.ogg,1,pacenotes/Rbr-Enhanced.ini/packages/Extended.ini/links/Extended.ini
557,ENTRY,Eingang,entry.ogg,1,pacenotes/Rbr.ini/packages/Extended.ini/line/Extended.ini
557,ENTRY,Eingang,entry.ogg,1,pacenotes/Rbr-Enhanced.ini/packages/Extended.ini/line/Extended.ini
2001,TIGHTENS6,Macht zu 6*,tightens6.ogg,1,pacenotes/Rbr.ini/packages/Extended.ini/adjectives/Extended.ini
2001,TIGHTENS6,Macht zu 6*,tightens6.ogg,1,pacenotes/Rbr-Enhanced.ini/packages/Extended.ini/adjectives/Extended.ini
2002,TIGHTENS5,Macht zu 5*,tightens5.ogg,1,pacenotes/Rbr.ini/packages/Extended.ini/adjectives/Extended.ini
2002,TIGHTENS5,Macht zu 5*,tightens5.ogg,1,pacenotes/Rbr-Enhanced.ini/packages/Extended.ini/adjectives/Extended.ini
2003,TIGHTENS4,Macht zu 4*,tightens4.ogg,1,pacenotes/Rbr.ini/packages/Extended.ini/adjectives/Extended.ini
2003,TIGHTENS4,Macht zu 4*,tightens4.ogg,1,pacenotes/Rbr-Enhanced.ini/packages/Extended.ini/adjectives/Extended.ini
2004,TIGHTENS3,Macht zu 3*,tightens3.ogg,1,pacenotes/Rbr.ini/packages/Extended.ini/adjectives/Extended.ini
2004,TIGHTENS3,Macht zu 3*,tightens3.ogg,1,pacenotes/Rbr-Enhanced.ini/packages/Extended.ini/adjectives/Extended.ini
2005,TIGHTENS2,Macht zu 2*,tightens2.ogg,1,pacenotes/Rbr.ini/packages/Extended.ini/adjectives/Extended.ini
2005,TIGHTENS2,Macht zu 2*,tightens2.ogg,1,pacenotes/Rbr-Enhanced.ini/packages/Extended.ini/adjectives/Extended.ini
2006,TIGHTENS1,Macht zu 1*,tightens1.ogg,1,pacenotes/Rbr.ini/packages/Extended.ini/adjectives/Extended.ini
2006,TIGHTENS1,Macht zu 1*,tightens1.ogg,1,pacenotes/Rbr-Enhanced.ini/packages/Extended.ini/adjectives/Extended.ini
2007,TIGHTENSHP,Macht zu Kehre*,tightenshp.ogg,1,pacenotes/Rbr.ini/packages/Extended.ini/adjectives/Extended.ini
2007,TIGHTENSHP,Macht zu Kehre*,tightenshp.ogg,1,pacenotes/Rbr-Enhanced.ini/packages/Extended.ini/adjectives/Extended.ini
2008,TOSIX,6*,6.ogg,1,pacenotes/Rbr.ini/packages/Extended.ini/adjectives/Extended.ini
2008,TOSIX,6*,6.ogg,1,pacenotes/Rbr-Enhanced.ini/packages/Extended.ini/adjectives/Extended.ini
2009,TOFIVE,5*,5.ogg,1,pacenotes/Rbr.ini/packages/Extended.ini/adjectives/Extended.ini
2009,TOFIVE,5*,5.ogg,1,pacenotes/Rbr-Enhanced.ini/packages/Extended.ini/adjectives/Extended.ini
2010,TOFOUR,4*,4.ogg,1,pacenotes/Rbr.ini/packages/Extended.ini/adjectives/Extended.ini
2010,TOFOUR,4*,4.ogg,1,pacenotes/Rbr-Enhanced.ini/packages/Extended.ini/adjectives/Extended.ini
2011,TOTHREE,3*,3.ogg,1,pacenotes/Rbr.ini/packages/Extended.ini/adjectives/Extended.ini
2011,TOTHREE,3*,3.ogg,1,pacenotes/Rbr-Enhanced.ini/packages/Extended.ini/adjectives/Extended.ini
2012,TOTWO,2*,two_de.ogg,1,pacenotes/Rbr.ini/packages/Extended.ini/adjectives/Extended.ini
2012,TOTWO,2*,two_de.ogg,1,pacenotes/Rbr-Enhanced.ini/packages/Extended.ini/adjectives/Extended.ini
2013,TOONE,1*,1.ogg,1,pacenotes/Rbr.ini/packages/Extended.ini/adjectives/Extended.ini
2013,TOONE,1*,1.ogg,1,pacenotes/Rbr-Enhanced.ini/packages/Extended.ini/adjectives/Extended.ini
2014,TOHP,Kehre*,hairpin.ogg,1,pacenotes/Rbr.ini/packages/Extended.ini/adjectives/Extended.ini
2014,TOHP,Kehre*,hairpin.ogg,1,pacenotes/Rbr-Enhanced.ini/packages/Extended.ini/adjectives/Extended.ini
2015,TIGHTENSLATE,Macht Spät Zu,tightenslate.ogg,1,pacenotes/Rbr.ini/packages/Extended.ini/adjectives/Extended.ini
2015,TIGHTENSLATE,Macht Spät Zu,tightenslate.ogg,1,pacenotes/Rbr-Enhanced.ini/packages/Extended.ini/adjectives/Extended.ini
2018,OPENSTIGHTENS,Macht Auf und Zu,openstightens.ogg,1,pacenotes/Rbr.ini/packages/Extended.ini/adjectives/Extended.ini
2018,OPENSTIGHTENS,Macht Auf und Zu,openstightens.ogg,1,pacenotes/Rbr-Enhanced.ini/packages/Extended.ini/adjectives/Extended.ini
2019,TIGHTENSOPENS,Macht Zu und Auf,tightensopens.ogg,1,pacenotes/Rbr.ini/packages/Extended.ini/adjectives/Extended.ini
2019,TIGHTENSOPENS,Macht Zu und Auf,tightensopens.ogg,1,pacenotes/Rbr-Enhanced.ini/packages/Extended.ini/adjectives/Extended.ini
2021,CARE_IN,Vorsicht Innen*,carein.ogg,1,pacenotes/Rbr.ini/packages/Extended.ini/cautions/Extended.ini
2021,CARE_IN,Vorsicht Innen*,carein.ogg,1,pacenotes/Rbr-Enhanced.ini/packages/Extended.ini/cautions/Extended.ini
2022,CARE_OUT,Vorsicht Außen*,careout.ogg,1,pacenotes/Rbr.ini/packages/Extended.ini/cautions/Extended.ini
2022,CARE_OUT,Vorsicht Außen*,careout.ogg,1,pacenotes/Rbr-Enhanced.ini/packages/Extended.ini/cautions/Extended.ini
2029,CONTINUESOVERCREST,Halten über Kuppe,continuesovercrest.ogg,1,pacenotes/Rbr.ini/packages/Extended.ini/obstacles/Extended.ini
2029,CONTINUESOVERCREST,Halten über Kuppe,continuesovercrest.ogg,1,pacenotes/Rbr-Enhanced.ini/packages/Extended.ini/obstacles/Extended.ini
2103,HALF_LONG,HalbLang,half_long.ogg,1,pacenotes/Rbr.ini/packages/Extended.ini/additional/Extended.ini
2103,HALF_LONG,HalbLang,half_long.ogg,1,pacenotes/Rbr-Enhanced.ini/packages/Extended.ini/additional/Extended.ini
2106,JUMPFULL,Sprung Voll,jumpfull.ogg,1,pacenotes/Rbr.ini/packages/Extended.ini/obstacles/Extended.ini
2106,JUMPFULL,Sprung Voll,jumpfull.ogg,1,pacenotes/Rbr-Enhanced.ini/packages/Extended.ini/obstacles/Extended.ini
2108,OVERJUMP,Über Sprung,overjump.ogg,1,pacenotes/Rbr.ini/packages/Extended.ini/obstacles/Extended.ini
2108,OVERJUMP,Über Sprung,overjump.ogg,1,pacenotes/Rbr-Enhanced.ini/packages/Extended.ini/obstacles/Extended.ini
2109,SMALLCREST,Kuppe Klein,smallcrest.ogg,1,pacenotes/Rbr.ini/packages/Extended.ini/obstacles/Extended.ini
2109,SMALLCREST,Kuppe Klein,smallcrest.ogg,1,pacenotes/Rbr-Enhanced.ini/packages/Extended.ini/obstacles/Extended.ini
3001,90_LINKS,90 Links*,90_left.ogg,1,pacenotes/Rbr.ini/packages/Numeric.ini/corners/Numeric.ini
3001,90_LINKS,90 Links*,90_left.ogg,1,pacenotes/Rbr-Enhanced.ini/packages/Numeric.ini/corners/Numeric.ini
3010,90_RECHTS,90 Rechts*,90_right.ogg,1,pacenotes/Rbr.ini/packages/Numeric.ini/corners/Numeric.ini
3010,90_RECHTS,90 Rechts*,90_right.ogg,1,pacenotes/Rbr-Enhanced.ini/packages/Numeric.ini/corners/Numeric.ini
