id,type,name,translation,file,sounds,error,ini,file_src_dir
-1,PLACE,1,,first,1,Not found: first,Audio/NumOther.ini,assets/Co_Driver_RBR_Deutsch_Bollinger_V1.1_22-12-03/David_Bollinger_(CH)/Deutsch Numerisch - Nummer zuerst/Audio/Speech/NumGer
-1,PLACE,10,,tenth,1,Not found: tenth,Audio/NumOther.ini,assets/Co_Driver_RBR_Deutsch_Bollinger_V1.1_22-12-03/David_Bollinger_(CH)/Deutsch Numerisch - Nummer zuerst/Audio/Speech/NumGer
-1,RANGE,100,,100.ogg,1,,ranges/Rbr.ini/packages/Extended.ini/extended/Extended.ini,assets/Co_Driver_RBR_Deutsch_Bollinger_V1.1_22-12-03/David_Bollinger_(CH)/Deutsch Numerisch - Nummer zuerst/Plugins/Pacenote/sounds/DavidBollinger
-1,RANGE,1000,,1000.ogg,1,,ranges/Rbr.ini/packages/Extended.ini/extended/Extended.ini,assets/Co_Driver_RBR_Deutsch_Bollinger_V1.1_22-12-03/David_Bollinger_(CH)/Deutsch Numerisch - Nummer zuerst/Plugins/Pacenote/sounds/DavidBollinger
-1,PLACE,11,,eleventh,1,Not found: eleventh,Audio/NumOther.ini,assets/Co_Driver_RBR_Deutsch_Bollinger_V1.1_22-12-03/David_Bollinger_(CH)/Deutsch Numerisch - Nummer zuerst/Audio/Speech/NumGer
-1,PLACE,12,,twelfth,1,Not found: twelfth,Audio/NumOther.ini,assets/Co_Driver_RBR_Deutsch_Bollinger_V1.1_22-12-03/David_Bollinger_(CH)/Deutsch Numerisch - Nummer zuerst/Audio/Speech/NumGer
-1,RANGE,120,,120.ogg,1,,ranges/Rbr.ini/packages/Extended.ini/extended/Extended.ini,assets/Co_Driver_RBR_Deutsch_Bollinger_V1.1_22-12-03/David_Bollinger_(CH)/Deutsch Numerisch - Nummer zuerst/Plugins/Pacenote/sounds/DavidBollinger
-1,PLACE,13,,thirteenth,0,Not found: thirteenth,Audio/NumOther.ini,assets/Co_Driver_RBR_Deutsch_Bollinger_V1.1_22-12-03/David_Bollinger_(CH)/Deutsch Numerisch - Nummer zuerst/Audio/Speech/NumGer
-1,PLACE,14,,fourteenth,1,Not found: fourteenth,Audio/NumOther.ini,assets/Co_Driver_RBR_Deutsch_Bollinger_V1.1_22-12-03/David_Bollinger_(CH)/Deutsch Numerisch - Nummer zuerst/Audio/Speech/NumGer
-1,RANGE,140,,140.ogg,1,,ranges/Rbr.ini/packages/Extended.ini/extended/Extended.ini,assets/Co_Driver_RBR_Deutsch_Bollinger_V1.1_22-12-03/David_Bollinger_(CH)/Deutsch Numerisch - Nummer zuerst/Plugins/Pacenote/sounds/DavidBollinger
-1,PLACE,15,,fifteenth,1,Not found: fifteenth,Audio/NumOther.ini,assets/Co_Driver_RBR_Deutsch_Bollinger_V1.1_22-12-03/David_Bollinger_(CH)/Deutsch Numerisch - Nummer zuerst/Audio/Speech/NumGer
-1,RANGE,150,,150.ogg,1,,ranges/Rbr.ini/packages/Extended.ini/extended/Extended.ini,assets/Co_Driver_RBR_Deutsch_Bollinger_V1.1_22-12-03/David_Bollinger_(CH)/Deutsch Numerisch - Nummer zuerst/Plugins/Pacenote/sounds/DavidBollinger
-1,PLACE,16,,last,1,Not found: last,Audio/NumOther.ini,assets/Co_Driver_RBR_Deutsch_Bollinger_V1.1_22-12-03/David_Bollinger_(CH)/Deutsch Numerisch - Nummer zuerst/Audio/Speech/NumGer
-1,RANGE,160,,160.ogg,1,,ranges/Rbr.ini/packages/Extended.ini/extended/Extended.ini,assets/Co_Driver_RBR_Deutsch_Bollinger_V1.1_22-12-03/David_Bollinger_(CH)/Deutsch Numerisch - Nummer zuerst/Plugins/Pacenote/sounds/DavidBollinger
-1,RANGE,180,,180.ogg,1,,ranges/Rbr.ini/packages/Extended.ini/extended/Extended.ini,assets/Co_Driver_RBR_Deutsch_Bollinger_V1.1_22-12-03/David_Bollinger_(CH)/Deutsch Numerisch - Nummer zuerst/Plugins/Pacenote/sounds/DavidBollinger
-1,PLACE,2,,second,1,Not found: second,Audio/NumOther.ini,assets/Co_Driver_RBR_Deutsch_Bollinger_V1.1_22-12-03/David_Bollinger_(CH)/Deutsch Numerisch - Nummer zuerst/Audio/Speech/NumGer
-1,RANGE,200,,200.ogg,1,,ranges/Rbr.ini/packages/Extended.ini/extended/Extended.ini,assets/Co_Driver_RBR_Deutsch_Bollinger_V1.1_22-12-03/David_Bollinger_(CH)/Deutsch Numerisch - Nummer zuerst/Plugins/Pacenote/sounds/DavidBollinger
-1,RANGE,250,,250.ogg,1,,ranges/Rbr.ini/packages/Extended.ini/extended/Extended.ini,assets/Co_Driver_RBR_Deutsch_Bollinger_V1.1_22-12-03/David_Bollinger_(CH)/Deutsch Numerisch - Nummer zuerst/Plugins/Pacenote/sounds/DavidBollinger
-1,PLACE,3,,third,1,Not found: third,Audio/NumOther.ini,assets/Co_Driver_RBR_Deutsch_Bollinger_V1.1_22-12-03/David_Bollinger_(CH)/Deutsch Numerisch - Nummer zuerst/Audio/Speech/NumGer
-1,RANGE,30,,30.ogg,1,,ranges/Rbr.ini/packages/Extended.ini/extended/Extended.ini,assets/Co_Driver_RBR_Deutsch_Bollinger_V1.1_22-12-03/David_Bollinger_(CH)/Deutsch Numerisch - Nummer zuerst/Plugins/Pacenote/sounds/DavidBollinger
-1,RANGE,300,,300.ogg,1,,ranges/Rbr.ini/packages/Extended.ini/extended/Extended.ini,assets/Co_Driver_RBR_Deutsch_Bollinger_V1.1_22-12-03/David_Bollinger_(CH)/Deutsch Numerisch - Nummer zuerst/Plugins/Pacenote/sounds/DavidBollinger
-1,RANGE,350,,350.ogg,1,,ranges/Rbr.ini/packages/Extended.ini/extended/Extended.ini,assets/Co_Driver_RBR_Deutsch_Bollinger_V1.1_22-12-03/David_Bollinger_(CH)/Deutsch Numerisch - Nummer zuerst/Plugins/Pacenote/sounds/DavidBollinger
-1,PLACE,4,,fourth,1,Not found: fourth,Audio/NumOther.ini,assets/Co_Driver_RBR_Deutsch_Bollinger_V1.1_22-12-03/David_Bollinger_(CH)/Deutsch Numerisch - Nummer zuerst/Audio/Speech/NumGer
-1,RANGE,40,,40.ogg,1,,ranges/Rbr.ini/packages/Extended.ini/extended/Extended.ini,assets/Co_Driver_RBR_Deutsch_Bollinger_V1.1_22-12-03/David_Bollinger_(CH)/Deutsch Numerisch - Nummer zuerst/Plugins/Pacenote/sounds/DavidBollinger
-1,RANGE,400,,400.ogg,1,,ranges/Rbr.ini/packages/Extended.ini/extended/Extended.ini,assets/Co_Driver_RBR_Deutsch_Bollinger_V1.1_22-12-03/David_Bollinger_(CH)/Deutsch Numerisch - Nummer zuerst/Plugins/Pacenote/sounds/DavidBollinger
-1,RANGE,450,,450.ogg,1,,ranges/Rbr.ini/packages/Extended.ini/extended/Extended.ini,assets/Co_Driver_RBR_Deutsch_Bollinger_V1.1_22-12-03/David_Bollinger_(CH)/Deutsch Numerisch - Nummer zuerst/Plugins/Pacenote/sounds/DavidBollinger
-1,PLACE,5,,fifth,1,Not found: fifth,Audio/NumOther.ini,assets/Co_Driver_RBR_Deutsch_Bollinger_V1.1_22-12-03/David_Bollinger_(CH)/Deutsch Numerisch - Nummer zuerst/Audio/Speech/NumGer
-1,RANGE,50,,50.ogg,1,,ranges/Rbr.ini/packages/Extended.ini/extended/Extended.ini,assets/Co_Driver_RBR_Deutsch_Bollinger_V1.1_22-12-03/David_Bollinger_(CH)/Deutsch Numerisch - Nummer zuerst/Plugins/Pacenote/sounds/DavidBollinger
-1,RANGE,500,,500.ogg,1,,ranges/Rbr.ini/packages/Extended.ini/extended/Extended.ini,assets/Co_Driver_RBR_Deutsch_Bollinger_V1.1_22-12-03/David_Bollinger_(CH)/Deutsch Numerisch - Nummer zuerst/Plugins/Pacenote/sounds/DavidBollinger
-1,PLACE,6,,sixth,1,Not found: sixth,Audio/NumOther.ini,assets/Co_Driver_RBR_Deutsch_Bollinger_V1.1_22-12-03/David_Bollinger_(CH)/Deutsch Numerisch - Nummer zuerst/Audio/Speech/NumGer
-1,RANGE,60,,60.ogg,1,,ranges/Rbr.ini/packages/Extended.ini/extended/Extended.ini,assets/Co_Driver_RBR_Deutsch_Bollinger_V1.1_22-12-03/David_Bollinger_(CH)/Deutsch Numerisch - Nummer zuerst/Plugins/Pacenote/sounds/DavidBollinger
-1,RANGE,600,,600.ogg,1,,ranges/Rbr.ini/packages/Extended.ini/extended/Extended.ini,assets/Co_Driver_RBR_Deutsch_Bollinger_V1.1_22-12-03/David_Bollinger_(CH)/Deutsch Numerisch - Nummer zuerst/Plugins/Pacenote/sounds/DavidBollinger
-1,PLACE,7,,seventh,1,Not found: seventh,Audio/NumOther.ini,assets/Co_Driver_RBR_Deutsch_Bollinger_V1.1_22-12-03/David_Bollinger_(CH)/Deutsch Numerisch - Nummer zuerst/Audio/Speech/NumGer
-1,RANGE,70,,70.ogg,1,,ranges/Rbr.ini/packages/Extended.ini/extended/Extended.ini,assets/Co_Driver_RBR_Deutsch_Bollinger_V1.1_22-12-03/David_Bollinger_(CH)/Deutsch Numerisch - Nummer zuerst/Plugins/Pacenote/sounds/DavidBollinger
-1,RANGE,700,,700.ogg,1,,ranges/Rbr.ini/packages/Extended.ini/extended/Extended.ini,assets/Co_Driver_RBR_Deutsch_Bollinger_V1.1_22-12-03/David_Bollinger_(CH)/Deutsch Numerisch - Nummer zuerst/Plugins/Pacenote/sounds/DavidBollinger
-1,PLACE,8,,eighth,1,Not found: eighth,Audio/NumOther.ini,assets/Co_Driver_RBR_Deutsch_Bollinger_V1.1_22-12-03/David_Bollinger_(CH)/Deutsch Numerisch - Nummer zuerst/Audio/Speech/NumGer
-1,RANGE,80,,80.ogg,1,,ranges/Rbr.ini/packages/Extended.ini/extended/Extended.ini,assets/Co_Driver_RBR_Deutsch_Bollinger_V1.1_22-12-03/David_Bollinger_(CH)/Deutsch Numerisch - Nummer zuerst/Plugins/Pacenote/sounds/DavidBollinger
-1,RANGE,800,,800.ogg,1,,ranges/Rbr.ini/packages/Extended.ini/extended/Extended.ini,assets/Co_Driver_RBR_Deutsch_Bollinger_V1.1_22-12-03/David_Bollinger_(CH)/Deutsch Numerisch - Nummer zuerst/Plugins/Pacenote/sounds/DavidBollinger
-1,PLACE,9,,ninth,1,Not found: ninth,Audio/NumOther.ini,assets/Co_Driver_RBR_Deutsch_Bollinger_V1.1_22-12-03/David_Bollinger_(CH)/Deutsch Numerisch - Nummer zuerst/Audio/Speech/NumGer
-1,RANGE,900,,900.ogg,1,,ranges/Rbr.ini/packages/Extended.ini/extended/Extended.ini,assets/Co_Driver_RBR_Deutsch_Bollinger_V1.1_22-12-03/David_Bollinger_(CH)/Deutsch Numerisch - Nummer zuerst/Plugins/Pacenote/sounds/DavidBollinger
-1,PACENOTE,AND,Und,and.ogg,1,,pacenotes/Rbr.ini/packages/Extended.ini/links/Extended.ini,assets/Co_Driver_RBR_Deutsch_Bollinger_V1.1_22-12-03/David_Bollinger_(CH)/Deutsch Numerisch - Nummer zuerst/Plugins/Pacenote/sounds/DavidBollinger
-1,PACENOTE,CALLOUT_ADJUST,Ansageberichtigung,,0,,pacenotes/Rbr.ini/packages/Extended.ini/links/Extended.ini,assets/Co_Driver_RBR_Deutsch_Bollinger_V1.1_22-12-03/David_Bollinger_(CH)/Deutsch Numerisch - Nummer zuerst/Plugins/Pacenote/sounds/DavidBollinger
-1,PACENOTE,CALLOUT_DISTANCE,Ansageentfernung,,0,,pacenotes/Rbr.ini/packages/Extended.ini/links/Extended.ini,assets/Co_Driver_RBR_Deutsch_Bollinger_V1.1_22-12-03/David_Bollinger_(CH)/Deutsch Numerisch - Nummer zuerst/Plugins/Pacenote/sounds/DavidBollinger
-1,PACENOTE,CALLOUT_TIME,Ansagezeit,,0,,pacenotes/Rbr.ini/packages/Extended.ini/links/Extended.ini,assets/Co_Driver_RBR_Deutsch_Bollinger_V1.1_22-12-03/David_Bollinger_(CH)/Deutsch Numerisch - Nummer zuerst/Plugins/Pacenote/sounds/DavidBollinger
-1,PACENOTE,CAUTION_WATER,Vorsicht Wasser,caution_water.ogg,1,,pacenotes/Rbr.ini/packages/Extended.ini/cautions/Extended.ini,assets/Co_Driver_RBR_Deutsch_Bollinger_V1.1_22-12-03/David_Bollinger_(CH)/Deutsch Numerisch - Nummer zuerst/Plugins/Pacenote/sounds/DavidBollinger
-1,PACENOTE,CUT,Schneiden,cut.ogg,1,,pacenotes/Rbr.ini/packages/Extended.ini/modifier/Extended.ini,assets/Co_Driver_RBR_Deutsch_Bollinger_V1.1_22-12-03/David_Bollinger_(CH)/Deutsch Numerisch - Nummer zuerst/Plugins/Pacenote/sounds/DavidBollinger
-1,PACENOTE,DISTANCE_CALL,Entfernung,,0,,pacenotes/Rbr.ini/packages/Extended.ini/links/Extended.ini,assets/Co_Driver_RBR_Deutsch_Bollinger_V1.1_22-12-03/David_Bollinger_(CH)/Deutsch Numerisch - Nummer zuerst/Plugins/Pacenote/sounds/DavidBollinger
-1,PACENOTE,DONTCUT,Nicht Schneiden,dontcut.ogg,1,,pacenotes/Rbr.ini/packages/Extended.ini/modifier/Extended.ini,assets/Co_Driver_RBR_Deutsch_Bollinger_V1.1_22-12-03/David_Bollinger_(CH)/Deutsch Numerisch - Nummer zuerst/Plugins/Pacenote/sounds/DavidBollinger
-1,PACENOTE,EMPTY_CALL,Leere Ansage,,0,,pacenotes/Rbr.ini/packages/Extended.ini/links/Extended.ini,assets/Co_Driver_RBR_Deutsch_Bollinger_V1.1_22-12-03/David_Bollinger_(CH)/Deutsch Numerisch - Nummer zuerst/Plugins/Pacenote/sounds/DavidBollinger
-1,PACENOTE,INTO,Hinein,into.ogg,1,,pacenotes/Rbr.ini/packages/Extended.ini/links/Extended.ini,assets/Co_Driver_RBR_Deutsch_Bollinger_V1.1_22-12-03/David_Bollinger_(CH)/Deutsch Numerisch - Nummer zuerst/Plugins/Pacenote/sounds/DavidBollinger
-1,PACENOTE,LONG,Lang,long.ogg,1,,pacenotes/Rbr.ini/packages/Extended.ini/modifier/Extended.ini,assets/Co_Driver_RBR_Deutsch_Bollinger_V1.1_22-12-03/David_Bollinger_(CH)/Deutsch Numerisch - Nummer zuerst/Plugins/Pacenote/sounds/DavidBollinger
-1,PLACE,LOSTPLACES,,p1,15,Not found: p1,Audio/NumOther.ini,assets/Co_Driver_RBR_Deutsch_Bollinger_V1.1_22-12-03/David_Bollinger_(CH)/Deutsch Numerisch - Nummer zuerst/Audio/Speech/NumGer
-1,PACENOTE,MAYBE,Vielleicht,maybe.ogg,1,,pacenotes/Rbr.ini/packages/Extended.ini/modifier/Extended.ini,assets/Co_Driver_RBR_Deutsch_Bollinger_V1.1_22-12-03/David_Bollinger_(CH)/Deutsch Numerisch - Nummer zuerst/Plugins/Pacenote/sounds/DavidBollinger
-1,PACENOTE,NARROWS,Verengung (Straße),narrows.ogg,1,,pacenotes/Rbr.ini/packages/Extended.ini/modifier/Extended.ini,assets/Co_Driver_RBR_Deutsch_Bollinger_V1.1_22-12-03/David_Bollinger_(CH)/Deutsch Numerisch - Nummer zuerst/Plugins/Pacenote/sounds/DavidBollinger
-1,NUMBER,NUMBERS,,start1,15,,Audio/NumOther.ini,assets/Co_Driver_RBR_Deutsch_Bollinger_V1.1_22-12-03/David_Bollinger_(CH)/Deutsch Numerisch - Nummer zuerst/Audio/Speech/NumGer
-1,PACENOTE,ONTO,Hinein,onto.ogg,1,,pacenotes/Rbr.ini/packages/Extended.ini/links/Extended.ini,assets/Co_Driver_RBR_Deutsch_Bollinger_V1.1_22-12-03/David_Bollinger_(CH)/Deutsch Numerisch - Nummer zuerst/Plugins/Pacenote/sounds/DavidBollinger
-1,PACENOTE,PLACE_HOLDER,Platzhalter,,0,,pacenotes/Rbr.ini/packages/Extended.ini/links/Extended.ini,assets/Co_Driver_RBR_Deutsch_Bollinger_V1.1_22-12-03/David_Bollinger_(CH)/Deutsch Numerisch - Nummer zuerst/Plugins/Pacenote/sounds/DavidBollinger
-1,PACENOTE,SOUND_FILE,Sound Datei,,0,,pacenotes/Rbr.ini/packages/Extended.ini/modifier/Extended.ini,assets/Co_Driver_RBR_Deutsch_Bollinger_V1.1_22-12-03/David_Bollinger_(CH)/Deutsch Numerisch - Nummer zuerst/Plugins/Pacenote/sounds/DavidBollinger
-1,PACENOTE,SOUND_INDEX,Sound Index,,0,,pacenotes/Rbr.ini/packages/Extended.ini/links/Extended.ini,assets/Co_Driver_RBR_Deutsch_Bollinger_V1.1_22-12-03/David_Bollinger_(CH)/Deutsch Numerisch - Nummer zuerst/Plugins/Pacenote/sounds/DavidBollinger
-1,PACENOTE,STANDARD_CALL,Standardansage,,0,,pacenotes/Rbr.ini/packages/Extended.ini/modifier/Extended.ini,assets/Co_Driver_RBR_Deutsch_Bollinger_V1.1_22-12-03/David_Bollinger_(CH)/Deutsch Numerisch - Nummer zuerst/Plugins/Pacenote/sounds/DavidBollinger
-1,PACENOTE,TIGHTENS,Verengung,tightens.ogg,1,,pacenotes/Rbr.ini/packages/Extended.ini/modifier/Extended.ini,assets/Co_Driver_RBR_Deutsch_Bollinger_V1.1_22-12-03/David_Bollinger_(CH)/Deutsch Numerisch - Nummer zuerst/Plugins/Pacenote/sounds/DavidBollinger
-1,PACENOTE,TIGHTENSBAD,Starke Verengung,tightensbad.ogg,1,,pacenotes/Rbr.ini/packages/Extended.ini/modifier/Extended.ini,assets/Co_Driver_RBR_Deutsch_Bollinger_V1.1_22-12-03/David_Bollinger_(CH)/Deutsch Numerisch - Nummer zuerst/Plugins/Pacenote/sounds/DavidBollinger
-1,PACENOTE,WIDEOUT,Verbreiterung,wideout.ogg,1,,pacenotes/Rbr.ini/packages/Extended.ini/modifier/Extended.ini,assets/Co_Driver_RBR_Deutsch_Bollinger_V1.1_22-12-03/David_Bollinger_(CH)/Deutsch Numerisch - Nummer zuerst/Plugins/Pacenote/sounds/DavidBollinger
0,PACENOTE,ONE_LEFT,Kehre Links,hairpin_left.ogg,1,,pacenotes/Rbr.ini/packages/Numeric.ini/corners/Numeric.ini,assets/Co_Driver_RBR_Deutsch_Bollinger_V1.1_22-12-03/David_Bollinger_(CH)/Deutsch Numerisch - Nummer zuerst/Plugins/Pacenote/sounds/DavidBollinger
1,PACENOTE,SQUARE_LEFT,2 Links,two_left_de.ogg,1,,pacenotes/Rbr.ini/packages/Numeric.ini/corners/Numeric.ini,assets/Co_Driver_RBR_Deutsch_Bollinger_V1.1_22-12-03/David_Bollinger_(CH)/Deutsch Numerisch - Nummer zuerst/Plugins/Pacenote/sounds/DavidBollinger
2,PACENOTE,THREE_LEFT,3 Links,three_left.ogg,1,,pacenotes/Rbr.ini/packages/Numeric.ini/corners/Numeric.ini,assets/Co_Driver_RBR_Deutsch_Bollinger_V1.1_22-12-03/David_Bollinger_(CH)/Deutsch Numerisch - Nummer zuerst/Plugins/Pacenote/sounds/DavidBollinger
3,PACENOTE,FOUR_LEFT,4 Links,four_left.ogg,1,,pacenotes/Rbr.ini/packages/Numeric.ini/corners/Numeric.ini,assets/Co_Driver_RBR_Deutsch_Bollinger_V1.1_22-12-03/David_Bollinger_(CH)/Deutsch Numerisch - Nummer zuerst/Plugins/Pacenote/sounds/DavidBollinger
4,PACENOTE,FIVE_LEFT,5 Links,five_left.ogg,1,,pacenotes/Rbr.ini/packages/Numeric.ini/corners/Numeric.ini,assets/Co_Driver_RBR_Deutsch_Bollinger_V1.1_22-12-03/David_Bollinger_(CH)/Deutsch Numerisch - Nummer zuerst/Plugins/Pacenote/sounds/DavidBollinger
5,PACENOTE,SIX_LEFT,6 Links,six_left.ogg,1,,pacenotes/Rbr.ini/packages/Numeric.ini/corners/Numeric.ini,assets/Co_Driver_RBR_Deutsch_Bollinger_V1.1_22-12-03/David_Bollinger_(CH)/Deutsch Numerisch - Nummer zuerst/Plugins/Pacenote/sounds/DavidBollinger
6,PACENOTE,SIX_RIGHT,6 Rechts,six_right.ogg,1,,pacenotes/Rbr.ini/packages/Numeric.ini/corners/Numeric.ini,assets/Co_Driver_RBR_Deutsch_Bollinger_V1.1_22-12-03/David_Bollinger_(CH)/Deutsch Numerisch - Nummer zuerst/Plugins/Pacenote/sounds/DavidBollinger
7,PACENOTE,FIVE_RIGHT,5 Rechts,five_right.ogg,1,,pacenotes/Rbr.ini/packages/Numeric.ini/corners/Numeric.ini,assets/Co_Driver_RBR_Deutsch_Bollinger_V1.1_22-12-03/David_Bollinger_(CH)/Deutsch Numerisch - Nummer zuerst/Plugins/Pacenote/sounds/DavidBollinger
8,PACENOTE,FOUR_RIGHT,4 Rechts,four_right.ogg,1,,pacenotes/Rbr.ini/packages/Numeric.ini/corners/Numeric.ini,assets/Co_Driver_RBR_Deutsch_Bollinger_V1.1_22-12-03/David_Bollinger_(CH)/Deutsch Numerisch - Nummer zuerst/Plugins/Pacenote/sounds/DavidBollinger
9,PACENOTE,THREE_RIGHT,3 Rechts,three_right.ogg,1,,pacenotes/Rbr.ini/packages/Numeric.ini/corners/Numeric.ini,assets/Co_Driver_RBR_Deutsch_Bollinger_V1.1_22-12-03/David_Bollinger_(CH)/Deutsch Numerisch - Nummer zuerst/Plugins/Pacenote/sounds/DavidBollinger
10,PACENOTE,SQUARE_RIGHT,2 Rechts,two_right_de.ogg,1,,pacenotes/Rbr.ini/packages/Numeric.ini/corners/Numeric.ini,assets/Co_Driver_RBR_Deutsch_Bollinger_V1.1_22-12-03/David_Bollinger_(CH)/Deutsch Numerisch - Nummer zuerst/Plugins/Pacenote/sounds/DavidBollinger
11,PACENOTE,ONE_RIGHT,Kehre Rechts,hairpin_right.ogg,1,,pacenotes/Rbr.ini/packages/Numeric.ini/corners/Numeric.ini,assets/Co_Driver_RBR_Deutsch_Bollinger_V1.1_22-12-03/David_Bollinger_(CH)/Deutsch Numerisch - Nummer zuerst/Plugins/Pacenote/sounds/DavidBollinger
12,PACENOTE,TWISTY,Kurvenreich,twisty.ogg,1,,pacenotes/Rbr.ini/packages/Extended.ini/line/Extended.ini,assets/Co_Driver_RBR_Deutsch_Bollinger_V1.1_22-12-03/David_Bollinger_(CH)/Deutsch Numerisch - Nummer zuerst/Plugins/Pacenote/sounds/DavidBollinger
14,PACENOTE,NARROWS,Verengung (Straße),narrows.ogg,1,,pacenotes/Rbr.ini/packages/Extended.ini/additional/Extended.ini,assets/Co_Driver_RBR_Deutsch_Bollinger_V1.1_22-12-03/David_Bollinger_(CH)/Deutsch Numerisch - Nummer zuerst/Plugins/Pacenote/sounds/DavidBollinger
15,PACENOTE,WIDEOUT,Verbreiterung,wideout.ogg,1,,pacenotes/Rbr.ini/packages/Extended.ini/additional/Extended.ini,assets/Co_Driver_RBR_Deutsch_Bollinger_V1.1_22-12-03/David_Bollinger_(CH)/Deutsch Numerisch - Nummer zuerst/Plugins/Pacenote/sounds/DavidBollinger
16,PACENOTE,OVERCREST,Über Hügel,overcrest.ogg,1,,pacenotes/Rbr.ini/packages/Extended.ini/obstacles/Extended.ini,assets/Co_Driver_RBR_Deutsch_Bollinger_V1.1_22-12-03/David_Bollinger_(CH)/Deutsch Numerisch - Nummer zuerst/Plugins/Pacenote/sounds/DavidBollinger
17,PACENOTE,FORD,Furt,ford.ogg,1,,pacenotes/Rbr.ini/packages/Extended.ini/obstacles/Extended.ini,assets/Co_Driver_RBR_Deutsch_Bollinger_V1.1_22-12-03/David_Bollinger_(CH)/Deutsch Numerisch - Nummer zuerst/Plugins/Pacenote/sounds/DavidBollinger
18,PACENOTE,CARE,Vorsicht,care.ogg,1,,pacenotes/Rbr.ini/packages/Extended.ini/cautions/Extended.ini,assets/Co_Driver_RBR_Deutsch_Bollinger_V1.1_22-12-03/David_Bollinger_(CH)/Deutsch Numerisch - Nummer zuerst/Plugins/Pacenote/sounds/DavidBollinger
19,PACENOTE,BUMP,Unebenheit,bump.ogg,1,,pacenotes/Rbr.ini/packages/Extended.ini/obstacles/Extended.ini,assets/Co_Driver_RBR_Deutsch_Bollinger_V1.1_22-12-03/David_Bollinger_(CH)/Deutsch Numerisch - Nummer zuerst/Plugins/Pacenote/sounds/DavidBollinger
20,PACENOTE,JUMP,Sprung,jump.ogg,1,,pacenotes/Rbr.ini/packages/Extended.ini/obstacles/Extended.ini,assets/Co_Driver_RBR_Deutsch_Bollinger_V1.1_22-12-03/David_Bollinger_(CH)/Deutsch Numerisch - Nummer zuerst/Plugins/Pacenote/sounds/DavidBollinger
22,PACENOTE,FINISH,Ziel,finish.ogg,1,,pacenotes/Rbr.ini/packages/Extended.ini/links/Extended.ini,assets/Co_Driver_RBR_Deutsch_Bollinger_V1.1_22-12-03/David_Bollinger_(CH)/Deutsch Numerisch - Nummer zuerst/Plugins/Pacenote/sounds/DavidBollinger
25,PACENOTE,FLAT_RIGHT,Voll Rechts,flat_right.ogg,1,,pacenotes/Rbr.ini/packages/Numeric.ini/corners/Numeric.ini,assets/Co_Driver_RBR_Deutsch_Bollinger_V1.1_22-12-03/David_Bollinger_(CH)/Deutsch Numerisch - Nummer zuerst/Plugins/Pacenote/sounds/DavidBollinger
26,PACENOTE,FLAT_LEFT,Voll Links,flat_left.ogg,1,,pacenotes/Rbr.ini/packages/Numeric.ini/corners/Numeric.ini,assets/Co_Driver_RBR_Deutsch_Bollinger_V1.1_22-12-03/David_Bollinger_(CH)/Deutsch Numerisch - Nummer zuerst/Plugins/Pacenote/sounds/DavidBollinger
27,PACENOTE,BRIDGE,Brücke,bridge.ogg,1,,pacenotes/Rbr.ini/packages/Extended.ini/obstacles/Extended.ini,assets/Co_Driver_RBR_Deutsch_Bollinger_V1.1_22-12-03/David_Bollinger_(CH)/Deutsch Numerisch - Nummer zuerst/Plugins/Pacenote/sounds/DavidBollinger
28,PACENOTE,GOSTRAIGHT,Geradeaus,gostraight.ogg,1,,pacenotes/Rbr.ini/packages/Extended.ini/line/Extended.ini,assets/Co_Driver_RBR_Deutsch_Bollinger_V1.1_22-12-03/David_Bollinger_(CH)/Deutsch Numerisch - Nummer zuerst/Plugins/Pacenote/sounds/DavidBollinger
29,PACENOTE,KEEPRIGHT,Rechts halten,keepright.ogg,1,,pacenotes/Rbr.ini/packages/Extended.ini/line/Extended.ini,assets/Co_Driver_RBR_Deutsch_Bollinger_V1.1_22-12-03/David_Bollinger_(CH)/Deutsch Numerisch - Nummer zuerst/Plugins/Pacenote/sounds/DavidBollinger
30,PACENOTE,KEEPLEFT,Links halten,keepleft.ogg,1,,pacenotes/Rbr.ini/packages/Extended.ini/line/Extended.ini,assets/Co_Driver_RBR_Deutsch_Bollinger_V1.1_22-12-03/David_Bollinger_(CH)/Deutsch Numerisch - Nummer zuerst/Plugins/Pacenote/sounds/DavidBollinger
31,PACENOTE,KEEPMIDDLE,Mittig halten,keepmiddle.ogg,1,,pacenotes/Rbr.ini/packages/Extended.ini/line/Extended.ini,assets/Co_Driver_RBR_Deutsch_Bollinger_V1.1_22-12-03/David_Bollinger_(CH)/Deutsch Numerisch - Nummer zuerst/Plugins/Pacenote/sounds/DavidBollinger
32,PACENOTE,CAUTION,Achtung,caution.ogg,1,,pacenotes/Rbr.ini/packages/Extended.ini/cautions/Extended.ini,assets/Co_Driver_RBR_Deutsch_Bollinger_V1.1_22-12-03/David_Bollinger_(CH)/Deutsch Numerisch - Nummer zuerst/Plugins/Pacenote/sounds/DavidBollinger
102,PACENOTE,TWO_LEFT,1 Links,one_left.ogg,1,,pacenotes/Rbr.ini/packages/Numeric.ini/corners/Numeric.ini,assets/Co_Driver_RBR_Deutsch_Bollinger_V1.1_22-12-03/David_Bollinger_(CH)/Deutsch Numerisch - Nummer zuerst/Plugins/Pacenote/sounds/DavidBollinger
112,PACENOTE,TWO_RIGHT,1 Rechts,one_right.ogg,1,,pacenotes/Rbr.ini/packages/Numeric.ini/corners/Numeric.ini,assets/Co_Driver_RBR_Deutsch_Bollinger_V1.1_22-12-03/David_Bollinger_(CH)/Deutsch Numerisch - Nummer zuerst/Plugins/Pacenote/sounds/DavidBollinger
120,PACENOTE,LEFT,Links,left.ogg,1,,pacenotes/Rbr.ini/packages/Numeric.ini/corners/Numeric.ini,assets/Co_Driver_RBR_Deutsch_Bollinger_V1.1_22-12-03/David_Bollinger_(CH)/Deutsch Numerisch - Nummer zuerst/Plugins/Pacenote/sounds/DavidBollinger
121,PACENOTE,RIGHT,Rechts,right.ogg,1,,pacenotes/Rbr.ini/packages/Numeric.ini/corners/Numeric.ini,assets/Co_Driver_RBR_Deutsch_Bollinger_V1.1_22-12-03/David_Bollinger_(CH)/Deutsch Numerisch - Nummer zuerst/Plugins/Pacenote/sounds/DavidBollinger
122,PACENOTE,RIGHT_INTO,Rechts In,right_into.ogg,1,,pacenotes/Rbr.ini/packages/Numeric.ini/corners/Numeric.ini,assets/Co_Driver_RBR_Deutsch_Bollinger_V1.1_22-12-03/David_Bollinger_(CH)/Deutsch Numerisch - Nummer zuerst/Plugins/Pacenote/sounds/DavidBollinger
123,PACENOTE,LEFT_INTO,Links In,left_into.ogg,1,,pacenotes/Rbr.ini/packages/Numeric.ini/corners/Numeric.ini,assets/Co_Driver_RBR_Deutsch_Bollinger_V1.1_22-12-03/David_Bollinger_(CH)/Deutsch Numerisch - Nummer zuerst/Plugins/Pacenote/sounds/DavidBollinger
124,PACENOTE,RIGHT_LEFT,Rechts-Links,right_left.ogg,1,,pacenotes/Rbr.ini/packages/Numeric.ini/corners/Numeric.ini,assets/Co_Driver_RBR_Deutsch_Bollinger_V1.1_22-12-03/David_Bollinger_(CH)/Deutsch Numerisch - Nummer zuerst/Plugins/Pacenote/sounds/DavidBollinger
125,PACENOTE,LEFT_RIGHT,Links-Rechts,left_right.ogg,1,,pacenotes/Rbr.ini/packages/Numeric.ini/corners/Numeric.ini,assets/Co_Driver_RBR_Deutsch_Bollinger_V1.1_22-12-03/David_Bollinger_(CH)/Deutsch Numerisch - Nummer zuerst/Plugins/Pacenote/sounds/DavidBollinger
126,PACENOTE,RIGHT_AROUND,Rechts Herum,right_around.ogg,1,,pacenotes/Rbr.ini/packages/Numeric.ini/corners/Numeric.ini,assets/Co_Driver_RBR_Deutsch_Bollinger_V1.1_22-12-03/David_Bollinger_(CH)/Deutsch Numerisch - Nummer zuerst/Plugins/Pacenote/sounds/DavidBollinger
127,PACENOTE,LEFT_AROUND,Links Herum,left_around.ogg,1,,pacenotes/Rbr.ini/packages/Numeric.ini/corners/Numeric.ini,assets/Co_Driver_RBR_Deutsch_Bollinger_V1.1_22-12-03/David_Bollinger_(CH)/Deutsch Numerisch - Nummer zuerst/Plugins/Pacenote/sounds/DavidBollinger
200,PACENOTE,OVER_BRIDGE,Über Brücke,over_bridge.ogg,1,,pacenotes/Rbr.ini/packages/Extended.ini/obstacles/Extended.ini,assets/Co_Driver_RBR_Deutsch_Bollinger_V1.1_22-12-03/David_Bollinger_(CH)/Deutsch Numerisch - Nummer zuerst/Plugins/Pacenote/sounds/DavidBollinger
201,PACENOTE,OVER_RAILS,Über Gleis,over_rails.ogg,1,,pacenotes/Rbr.ini/packages/Extended.ini/obstacles/Extended.ini,assets/Co_Driver_RBR_Deutsch_Bollinger_V1.1_22-12-03/David_Bollinger_(CH)/Deutsch Numerisch - Nummer zuerst/Plugins/Pacenote/sounds/DavidBollinger
202,PACENOTE,OVER_RAILWAY,Über Schienenstrang,over_railway.ogg,1,,pacenotes/Rbr.ini/packages/Extended.ini/obstacles/Extended.ini,assets/Co_Driver_RBR_Deutsch_Bollinger_V1.1_22-12-03/David_Bollinger_(CH)/Deutsch Numerisch - Nummer zuerst/Plugins/Pacenote/sounds/DavidBollinger
211,PACENOTE,DEEPCUT,Cut Tief,deepcut.ogg,1,,pacenotes/Rbr.ini/packages/Extended.ini/line/Extended.ini,assets/Co_Driver_RBR_Deutsch_Bollinger_V1.1_22-12-03/David_Bollinger_(CH)/Deutsch Numerisch - Nummer zuerst/Plugins/Pacenote/sounds/DavidBollinger
212,PACENOTE,FULLCUT,Cut Voll,fullcut.ogg,1,,pacenotes/Rbr.ini/packages/Extended.ini/line/Extended.ini,assets/Co_Driver_RBR_Deutsch_Bollinger_V1.1_22-12-03/David_Bollinger_(CH)/Deutsch Numerisch - Nummer zuerst/Plugins/Pacenote/sounds/DavidBollinger
213,PACENOTE,KEEP_CENTRE,Mittig Bleiben,keskelta.ogg,1,Not found: keskelta.ogg,pacenotes/Rbr.ini/packages/Extended.ini/line/Extended.ini,assets/Co_Driver_RBR_Deutsch_Bollinger_V1.1_22-12-03/David_Bollinger_(CH)/Deutsch Numerisch - Nummer zuerst/Plugins/Pacenote/sounds/DavidBollinger
214,PACENOTE,FULL,Voll,full.ogg,1,,pacenotes/Rbr.ini/packages/Extended.ini/driving/Extended.ini,assets/Co_Driver_RBR_Deutsch_Bollinger_V1.1_22-12-03/David_Bollinger_(CH)/Deutsch Numerisch - Nummer zuerst/Plugins/Pacenote/sounds/DavidBollinger
215,PACENOTE,GO_FULL,Vollgas,go_full.ogg,1,,pacenotes/Rbr.ini/packages/Extended.ini/driving/Extended.ini,assets/Co_Driver_RBR_Deutsch_Bollinger_V1.1_22-12-03/David_Bollinger_(CH)/Deutsch Numerisch - Nummer zuerst/Plugins/Pacenote/sounds/DavidBollinger
216,PACENOTE,FLATOUT,Flatout,flatout.ogg,1,,pacenotes/Rbr.ini/packages/Extended.ini/driving/Extended.ini,assets/Co_Driver_RBR_Deutsch_Bollinger_V1.1_22-12-03/David_Bollinger_(CH)/Deutsch Numerisch - Nummer zuerst/Plugins/Pacenote/sounds/DavidBollinger
217,PACENOTE,BRAKE,Bremsen,brake.ogg,1,,pacenotes/Rbr.ini/packages/Extended.ini/cautions/Extended.ini,assets/Co_Driver_RBR_Deutsch_Bollinger_V1.1_22-12-03/David_Bollinger_(CH)/Deutsch Numerisch - Nummer zuerst/Plugins/Pacenote/sounds/DavidBollinger
218,PACENOTE,LIGHT_CUT,Cut Leicht,light_cut.ogg,1,,pacenotes/Rbr.ini/packages/Extended.ini/line/Extended.ini,assets/Co_Driver_RBR_Deutsch_Bollinger_V1.1_22-12-03/David_Bollinger_(CH)/Deutsch Numerisch - Nummer zuerst/Plugins/Pacenote/sounds/DavidBollinger
219,PACENOTE,HANDBRAKE,Handbremse,handbrake.ogg,1,,pacenotes/Rbr.ini/packages/Extended.ini/driving/Extended.ini,assets/Co_Driver_RBR_Deutsch_Bollinger_V1.1_22-12-03/David_Bollinger_(CH)/Deutsch Numerisch - Nummer zuerst/Plugins/Pacenote/sounds/DavidBollinger
220,PACENOTE,KEEP_IN,Innen bleiben,keep_in.ogg,1,,pacenotes/Rbr.ini/packages/Extended.ini/line/Extended.ini,assets/Co_Driver_RBR_Deutsch_Bollinger_V1.1_22-12-03/David_Bollinger_(CH)/Deutsch Numerisch - Nummer zuerst/Plugins/Pacenote/sounds/DavidBollinger
221,PACENOTE,KEEP_OUT,Aussen bleiben,keep_out.ogg,1,,pacenotes/Rbr.ini/packages/Extended.ini/line/Extended.ini,assets/Co_Driver_RBR_Deutsch_Bollinger_V1.1_22-12-03/David_Bollinger_(CH)/Deutsch Numerisch - Nummer zuerst/Plugins/Pacenote/sounds/DavidBollinger
223,PACENOTE,CLIP,Einhängen,clip.ogg,1,,pacenotes/Rbr.ini/packages/Extended.ini/line/Extended.ini,assets/Co_Driver_RBR_Deutsch_Bollinger_V1.1_22-12-03/David_Bollinger_(CH)/Deutsch Numerisch - Nummer zuerst/Plugins/Pacenote/sounds/DavidBollinger
230,PACENOTE,MINUS,Minus,minus.ogg,1,,pacenotes/Rbr.ini/packages/Extended.ini/additional/Extended.ini,assets/Co_Driver_RBR_Deutsch_Bollinger_V1.1_22-12-03/David_Bollinger_(CH)/Deutsch Numerisch - Nummer zuerst/Plugins/Pacenote/sounds/DavidBollinger
231,PACENOTE,MINUSMINUS,MinusMinus,minusminus.ogg,1,,pacenotes/Rbr.ini/packages/Extended.ini/additional/Extended.ini,assets/Co_Driver_RBR_Deutsch_Bollinger_V1.1_22-12-03/David_Bollinger_(CH)/Deutsch Numerisch - Nummer zuerst/Plugins/Pacenote/sounds/DavidBollinger
232,PACENOTE,PLUS,Plus,plus.ogg,1,,pacenotes/Rbr.ini/packages/Extended.ini/additional/Extended.ini,assets/Co_Driver_RBR_Deutsch_Bollinger_V1.1_22-12-03/David_Bollinger_(CH)/Deutsch Numerisch - Nummer zuerst/Plugins/Pacenote/sounds/DavidBollinger
233,PACENOTE,PLUSPLUS,PlusPlus,plusplus.ogg,1,,pacenotes/Rbr.ini/packages/Extended.ini/additional/Extended.ini,assets/Co_Driver_RBR_Deutsch_Bollinger_V1.1_22-12-03/David_Bollinger_(CH)/Deutsch Numerisch - Nummer zuerst/Plugins/Pacenote/sounds/DavidBollinger
234,PACENOTE,EARLY,Früh,early.ogg,1,,pacenotes/Rbr.ini/packages/Extended.ini/additional/Extended.ini,assets/Co_Driver_RBR_Deutsch_Bollinger_V1.1_22-12-03/David_Bollinger_(CH)/Deutsch Numerisch - Nummer zuerst/Plugins/Pacenote/sounds/DavidBollinger
235,PACENOTE,LATE,Spät,late.ogg,1,,pacenotes/Rbr.ini/packages/Extended.ini/additional/Extended.ini,assets/Co_Driver_RBR_Deutsch_Bollinger_V1.1_22-12-03/David_Bollinger_(CH)/Deutsch Numerisch - Nummer zuerst/Plugins/Pacenote/sounds/DavidBollinger
236,PACENOTE,EASY,Wenig,easy.ogg,1,,pacenotes/Rbr.ini/packages/Extended.ini/additional/Extended.ini,assets/Co_Driver_RBR_Deutsch_Bollinger_V1.1_22-12-03/David_Bollinger_(CH)/Deutsch Numerisch - Nummer zuerst/Plugins/Pacenote/sounds/DavidBollinger
237,PACENOTE,MUCH,Viel,much.ogg,1,,pacenotes/Rbr.ini/packages/Extended.ini/additional/Extended.ini,assets/Co_Driver_RBR_Deutsch_Bollinger_V1.1_22-12-03/David_Bollinger_(CH)/Deutsch Numerisch - Nummer zuerst/Plugins/Pacenote/sounds/DavidBollinger
238,PACENOTE,MANY,Viele,many.ogg,1,,pacenotes/Rbr.ini/packages/Extended.ini/adjectives/Extended.ini,assets/Co_Driver_RBR_Deutsch_Bollinger_V1.1_22-12-03/David_Bollinger_(CH)/Deutsch Numerisch - Nummer zuerst/Plugins/Pacenote/sounds/DavidBollinger
239,PACENOTE,VERY,Sehr,very.ogg,1,,pacenotes/Rbr.ini/packages/Extended.ini/adjectives/Extended.ini,assets/Co_Driver_RBR_Deutsch_Bollinger_V1.1_22-12-03/David_Bollinger_(CH)/Deutsch Numerisch - Nummer zuerst/Plugins/Pacenote/sounds/DavidBollinger
240,PACENOTE,HARD,Stark,hard.ogg,1,,pacenotes/Rbr.ini/packages/Extended.ini/additional/Extended.ini,assets/Co_Driver_RBR_Deutsch_Bollinger_V1.1_22-12-03/David_Bollinger_(CH)/Deutsch Numerisch - Nummer zuerst/Plugins/Pacenote/sounds/DavidBollinger
241,PACENOTE,FAST,Schnell,fast.ogg,1,,pacenotes/Rbr.ini/packages/Extended.ini/adjectives/Extended.ini,assets/Co_Driver_RBR_Deutsch_Bollinger_V1.1_22-12-03/David_Bollinger_(CH)/Deutsch Numerisch - Nummer zuerst/Plugins/Pacenote/sounds/DavidBollinger
242,PACENOTE,SLOW,Langsam,slow.ogg,1,,pacenotes/Rbr.ini/packages/Extended.ini/adjectives/Extended.ini,assets/Co_Driver_RBR_Deutsch_Bollinger_V1.1_22-12-03/David_Bollinger_(CH)/Deutsch Numerisch - Nummer zuerst/Plugins/Pacenote/sounds/DavidBollinger
243,PACENOTE,EXACT,Genau,exact.ogg,1,,pacenotes/Rbr.ini/packages/Extended.ini/adjectives/Extended.ini,assets/Co_Driver_RBR_Deutsch_Bollinger_V1.1_22-12-03/David_Bollinger_(CH)/Deutsch Numerisch - Nummer zuerst/Plugins/Pacenote/sounds/DavidBollinger
244,PACENOTE,SLOWING,Langsamer,slowing.ogg,1,,pacenotes/Rbr.ini/packages/Extended.ini/driving/Extended.ini,assets/Co_Driver_RBR_Deutsch_Bollinger_V1.1_22-12-03/David_Bollinger_(CH)/Deutsch Numerisch - Nummer zuerst/Plugins/Pacenote/sounds/DavidBollinger
245,PACENOTE,DIRECTLY,Sofort,directly.ogg,1,,pacenotes/Rbr.ini/packages/Extended.ini/adjectives/Extended.ini,assets/Co_Driver_RBR_Deutsch_Bollinger_V1.1_22-12-03/David_Bollinger_(CH)/Deutsch Numerisch - Nummer zuerst/Plugins/Pacenote/sounds/DavidBollinger
246,PACENOTE,LIGHT,Leicht,light.ogg,1,,pacenotes/Rbr.ini/packages/Extended.ini/adjectives/Extended.ini,assets/Co_Driver_RBR_Deutsch_Bollinger_V1.1_22-12-03/David_Bollinger_(CH)/Deutsch Numerisch - Nummer zuerst/Plugins/Pacenote/sounds/DavidBollinger
247,PACENOTE,BIG,Groß,big.ogg,1,,pacenotes/Rbr.ini/packages/Extended.ini/adjectives/Extended.ini,assets/Co_Driver_RBR_Deutsch_Bollinger_V1.1_22-12-03/David_Bollinger_(CH)/Deutsch Numerisch - Nummer zuerst/Plugins/Pacenote/sounds/DavidBollinger
248,PACENOTE,SMALL,Klein,small.ogg,1,,pacenotes/Rbr.ini/packages/Extended.ini/adjectives/Extended.ini,assets/Co_Driver_RBR_Deutsch_Bollinger_V1.1_22-12-03/David_Bollinger_(CH)/Deutsch Numerisch - Nummer zuerst/Plugins/Pacenote/sounds/DavidBollinger
249,PACENOTE,SHARP,Spitz,sharp.ogg,1,,pacenotes/Rbr.ini/packages/Extended.ini/additional/Extended.ini,assets/Co_Driver_RBR_Deutsch_Bollinger_V1.1_22-12-03/David_Bollinger_(CH)/Deutsch Numerisch - Nummer zuerst/Plugins/Pacenote/sounds/DavidBollinger
250,PACENOTE,ROUND,Rund,round.ogg,1,,pacenotes/Rbr.ini/packages/Extended.ini/additional/Extended.ini,assets/Co_Driver_RBR_Deutsch_Bollinger_V1.1_22-12-03/David_Bollinger_(CH)/Deutsch Numerisch - Nummer zuerst/Plugins/Pacenote/sounds/DavidBollinger
251,PACENOTE,TIGHT,Eng,tight.ogg,1,,pacenotes/Rbr.ini/packages/Extended.ini/additional/Extended.ini,assets/Co_Driver_RBR_Deutsch_Bollinger_V1.1_22-12-03/David_Bollinger_(CH)/Deutsch Numerisch - Nummer zuerst/Plugins/Pacenote/sounds/DavidBollinger
252,PACENOTE,SLIGHT,Etwas,slight.ogg,1,,pacenotes/Rbr.ini/packages/Extended.ini/adjectives/Extended.ini,assets/Co_Driver_RBR_Deutsch_Bollinger_V1.1_22-12-03/David_Bollinger_(CH)/Deutsch Numerisch - Nummer zuerst/Plugins/Pacenote/sounds/DavidBollinger
253,PACENOTE,GOOD,Gut,good.ogg,1,,pacenotes/Rbr.ini/packages/Extended.ini/adjectives/Extended.ini,assets/Co_Driver_RBR_Deutsch_Bollinger_V1.1_22-12-03/David_Bollinger_(CH)/Deutsch Numerisch - Nummer zuerst/Plugins/Pacenote/sounds/DavidBollinger
254,PACENOTE,BAD,Schlecht,bad.ogg,1,,pacenotes/Rbr.ini/packages/Extended.ini/adjectives/Extended.ini,assets/Co_Driver_RBR_Deutsch_Bollinger_V1.1_22-12-03/David_Bollinger_(CH)/Deutsch Numerisch - Nummer zuerst/Plugins/Pacenote/sounds/DavidBollinger
255,PACENOTE,NARROW,Eng,narrow.ogg,1,,pacenotes/Rbr.ini/packages/Extended.ini/road/Extended.ini,assets/Co_Driver_RBR_Deutsch_Bollinger_V1.1_22-12-03/David_Bollinger_(CH)/Deutsch Numerisch - Nummer zuerst/Plugins/Pacenote/sounds/DavidBollinger
256,PACENOTE,WIDE,Breit,wide.ogg,1,,pacenotes/Rbr.ini/packages/Extended.ini/road/Extended.ini,assets/Co_Driver_RBR_Deutsch_Bollinger_V1.1_22-12-03/David_Bollinger_(CH)/Deutsch Numerisch - Nummer zuerst/Plugins/Pacenote/sounds/DavidBollinger
257,PACENOTE,STRAIGHT,Gerade,straight.ogg,1,,pacenotes/Rbr.ini/packages/Extended.ini/adjectives/Extended.ini,assets/Co_Driver_RBR_Deutsch_Bollinger_V1.1_22-12-03/David_Bollinger_(CH)/Deutsch Numerisch - Nummer zuerst/Plugins/Pacenote/sounds/DavidBollinger
260,PACENOTE,UPHILL,Bergauf,uphill.ogg,1,,pacenotes/Rbr.ini/packages/Extended.ini/line/Extended.ini,assets/Co_Driver_RBR_Deutsch_Bollinger_V1.1_22-12-03/David_Bollinger_(CH)/Deutsch Numerisch - Nummer zuerst/Plugins/Pacenote/sounds/DavidBollinger
261,PACENOTE,DOWNHILL,Bergab,downhill.ogg,1,,pacenotes/Rbr.ini/packages/Extended.ini/line/Extended.ini,assets/Co_Driver_RBR_Deutsch_Bollinger_V1.1_22-12-03/David_Bollinger_(CH)/Deutsch Numerisch - Nummer zuerst/Plugins/Pacenote/sounds/DavidBollinger
263,PACENOTE,LONGLONG,LangLang,longlong.ogg,1,,pacenotes/Rbr.ini/packages/Extended.ini/additional/Extended.ini,assets/Co_Driver_RBR_Deutsch_Bollinger_V1.1_22-12-03/David_Bollinger_(CH)/Deutsch Numerisch - Nummer zuerst/Plugins/Pacenote/sounds/DavidBollinger
264,PACENOTE,SHORT,Kurz,short.ogg,1,,pacenotes/Rbr.ini/packages/Extended.ini/additional/Extended.ini,assets/Co_Driver_RBR_Deutsch_Bollinger_V1.1_22-12-03/David_Bollinger_(CH)/Deutsch Numerisch - Nummer zuerst/Plugins/Pacenote/sounds/DavidBollinger
265,PACENOTE,SHORTSHORT,KurzKurz,shortshort.ogg,1,,pacenotes/Rbr.ini/packages/Extended.ini/additional/Extended.ini,assets/Co_Driver_RBR_Deutsch_Bollinger_V1.1_22-12-03/David_Bollinger_(CH)/Deutsch Numerisch - Nummer zuerst/Plugins/Pacenote/sounds/DavidBollinger
266,PACENOTE,GONARROW,Wird Enger,gonarrow.ogg,1,,pacenotes/Rbr.ini/packages/Extended.ini/line/Extended.ini,assets/Co_Driver_RBR_Deutsch_Bollinger_V1.1_22-12-03/David_Bollinger_(CH)/Deutsch Numerisch - Nummer zuerst/Plugins/Pacenote/sounds/DavidBollinger
267,PACENOTE,GOWIDE,Wird Breiter,gowide.ogg,1,,pacenotes/Rbr.ini/packages/Extended.ini/line/Extended.ini,assets/Co_Driver_RBR_Deutsch_Bollinger_V1.1_22-12-03/David_Bollinger_(CH)/Deutsch Numerisch - Nummer zuerst/Plugins/Pacenote/sounds/DavidBollinger
268,PACENOTE,SLIPPERY,Schmiert,slippery.ogg,1,,pacenotes/Rbr.ini/packages/Extended.ini/cautions/Extended.ini,assets/Co_Driver_RBR_Deutsch_Bollinger_V1.1_22-12-03/David_Bollinger_(CH)/Deutsch Numerisch - Nummer zuerst/Plugins/Pacenote/sounds/DavidBollinger
269,PACENOTE,SLIDE,Gleiten,slide.ogg,1,,pacenotes/Rbr.ini/packages/Extended.ini/condition/Extended.ini,assets/Co_Driver_RBR_Deutsch_Bollinger_V1.1_22-12-03/David_Bollinger_(CH)/Deutsch Numerisch - Nummer zuerst/Plugins/Pacenote/sounds/DavidBollinger
270,PACENOTE,UNDERSTEER,Schiebt,understeer.ogg,1,,pacenotes/Rbr.ini/packages/Extended.ini/driving/Extended.ini,assets/Co_Driver_RBR_Deutsch_Bollinger_V1.1_22-12-03/David_Bollinger_(CH)/Deutsch Numerisch - Nummer zuerst/Plugins/Pacenote/sounds/DavidBollinger
271,PACENOTE,SIDEWAYS,Versetzt,sideways.ogg,1,,pacenotes/Rbr.ini/packages/Extended.ini/line/Extended.ini,assets/Co_Driver_RBR_Deutsch_Bollinger_V1.1_22-12-03/David_Bollinger_(CH)/Deutsch Numerisch - Nummer zuerst/Plugins/Pacenote/sounds/DavidBollinger
272,PACENOTE,HOOK,Einhängen,hook.ogg,1,,pacenotes/Rbr.ini/packages/Extended.ini/line/Extended.ini,assets/Co_Driver_RBR_Deutsch_Bollinger_V1.1_22-12-03/David_Bollinger_(CH)/Deutsch Numerisch - Nummer zuerst/Plugins/Pacenote/sounds/DavidBollinger
273,PACENOTE,DRAWS_IN,Dreht Ein,draws_in.ogg,1,,pacenotes/Rbr.ini/packages/Extended.ini/driving/Extended.ini,assets/Co_Driver_RBR_Deutsch_Bollinger_V1.1_22-12-03/David_Bollinger_(CH)/Deutsch Numerisch - Nummer zuerst/Plugins/Pacenote/sounds/DavidBollinger
274,PACENOTE,VERY_LONG,Sehr Lang,very_long.ogg,1,,pacenotes/Rbr.ini/packages/Extended.ini/additional/Extended.ini,assets/Co_Driver_RBR_Deutsch_Bollinger_V1.1_22-12-03/David_Bollinger_(CH)/Deutsch Numerisch - Nummer zuerst/Plugins/Pacenote/sounds/DavidBollinger
275,PACENOTE,VERY_SHORT,Sehr Kurz,very_short.ogg,1,,pacenotes/Rbr.ini/packages/Extended.ini/additional/Extended.ini,assets/Co_Driver_RBR_Deutsch_Bollinger_V1.1_22-12-03/David_Bollinger_(CH)/Deutsch Numerisch - Nummer zuerst/Plugins/Pacenote/sounds/DavidBollinger
277,PACENOTE,SLIPPY,Rutschig,slippy.ogg,1,,pacenotes/Rbr.ini/packages/Extended.ini/cautions/Extended.ini,assets/Co_Driver_RBR_Deutsch_Bollinger_V1.1_22-12-03/David_Bollinger_(CH)/Deutsch Numerisch - Nummer zuerst/Plugins/Pacenote/sounds/DavidBollinger
290,PACENOTE,MUDDY,Matsch,muddy.ogg,1,,pacenotes/Rbr.ini/packages/Extended.ini/condition/Extended.ini,assets/Co_Driver_RBR_Deutsch_Bollinger_V1.1_22-12-03/David_Bollinger_(CH)/Deutsch Numerisch - Nummer zuerst/Plugins/Pacenote/sounds/DavidBollinger
291,PACENOTE,DIRTY,Schmutzig,dirty.ogg,1,,pacenotes/Rbr.ini/packages/Extended.ini/condition/Extended.ini,assets/Co_Driver_RBR_Deutsch_Bollinger_V1.1_22-12-03/David_Bollinger_(CH)/Deutsch Numerisch - Nummer zuerst/Plugins/Pacenote/sounds/DavidBollinger
292,PACENOTE,BUMPY,Bucklig,bumpy.ogg,1,,pacenotes/Rbr.ini/packages/Extended.ini/condition/Extended.ini,assets/Co_Driver_RBR_Deutsch_Bollinger_V1.1_22-12-03/David_Bollinger_(CH)/Deutsch Numerisch - Nummer zuerst/Plugins/Pacenote/sounds/DavidBollinger
293,PACENOTE,CRAMPED,Verengt,cramped.ogg,1,,pacenotes/Rbr.ini/packages/Extended.ini/condition/Extended.ini,assets/Co_Driver_RBR_Deutsch_Bollinger_V1.1_22-12-03/David_Bollinger_(CH)/Deutsch Numerisch - Nummer zuerst/Plugins/Pacenote/sounds/DavidBollinger
294,PACENOTE,POSITIVE,Positiv,positive.ogg,1,,pacenotes/Rbr.ini/packages/Extended.ini/adjectives/Extended.ini,assets/Co_Driver_RBR_Deutsch_Bollinger_V1.1_22-12-03/David_Bollinger_(CH)/Deutsch Numerisch - Nummer zuerst/Plugins/Pacenote/sounds/DavidBollinger
295,PACENOTE,NEGATIVE,Negativ,negative.ogg,1,,pacenotes/Rbr.ini/packages/Extended.ini/adjectives/Extended.ini,assets/Co_Driver_RBR_Deutsch_Bollinger_V1.1_22-12-03/David_Bollinger_(CH)/Deutsch Numerisch - Nummer zuerst/Plugins/Pacenote/sounds/DavidBollinger
296,PACENOTE,DIRT,Schmutz,dirt.ogg,1,,pacenotes/Rbr.ini/packages/Extended.ini/condition/Extended.ini,assets/Co_Driver_RBR_Deutsch_Bollinger_V1.1_22-12-03/David_Bollinger_(CH)/Deutsch Numerisch - Nummer zuerst/Plugins/Pacenote/sounds/DavidBollinger
298,PACENOTE,OPENS,Macht Auf,opens.ogg,1,,pacenotes/Rbr.ini/packages/Extended.ini/adjectives/Extended.ini,assets/Co_Driver_RBR_Deutsch_Bollinger_V1.1_22-12-03/David_Bollinger_(CH)/Deutsch Numerisch - Nummer zuerst/Plugins/Pacenote/sounds/DavidBollinger
299,PACENOTE,FAKES,Täuscht,fakes.ogg,1,,pacenotes/Rbr.ini/packages/Extended.ini/cautions/Extended.ini,assets/Co_Driver_RBR_Deutsch_Bollinger_V1.1_22-12-03/David_Bollinger_(CH)/Deutsch Numerisch - Nummer zuerst/Plugins/Pacenote/sounds/DavidBollinger
300,PACENOTE,BUMPS,Schwellen,bumps.ogg,1,,pacenotes/Rbr.ini/packages/Extended.ini/obstacles/Extended.ini,assets/Co_Driver_RBR_Deutsch_Bollinger_V1.1_22-12-03/David_Bollinger_(CH)/Deutsch Numerisch - Nummer zuerst/Plugins/Pacenote/sounds/DavidBollinger
301,PACENOTE,HIDDEN,Versteckt,hidden.ogg,1,,pacenotes/Rbr.ini/packages/Extended.ini/cautions/Extended.ini,assets/Co_Driver_RBR_Deutsch_Bollinger_V1.1_22-12-03/David_Bollinger_(CH)/Deutsch Numerisch - Nummer zuerst/Plugins/Pacenote/sounds/DavidBollinger
302,PACENOTE,BLIND,Blind,blind.ogg,1,,pacenotes/Rbr.ini/packages/Extended.ini/cautions/Extended.ini,assets/Co_Driver_RBR_Deutsch_Bollinger_V1.1_22-12-03/David_Bollinger_(CH)/Deutsch Numerisch - Nummer zuerst/Plugins/Pacenote/sounds/DavidBollinger
303,PACENOTE,DOUBLE_CAUTION,Gut Aufpassen,double_caution.ogg,1,,pacenotes/Rbr.ini/packages/Extended.ini/cautions/Extended.ini,assets/Co_Driver_RBR_Deutsch_Bollinger_V1.1_22-12-03/David_Bollinger_(CH)/Deutsch Numerisch - Nummer zuerst/Plugins/Pacenote/sounds/DavidBollinger
304,PACENOTE,TRIPLE_CAUTION,Höchste Vorsicht,triple_caution.ogg,1,,pacenotes/Rbr.ini/packages/Extended.ini/cautions/Extended.ini,assets/Co_Driver_RBR_Deutsch_Bollinger_V1.1_22-12-03/David_Bollinger_(CH)/Deutsch Numerisch - Nummer zuerst/Plugins/Pacenote/sounds/DavidBollinger
320,PACENOTE,GRAVEL,Schotter,gravel.ogg,1,,pacenotes/Rbr.ini/packages/Extended.ini/surface/Extended.ini,assets/Co_Driver_RBR_Deutsch_Bollinger_V1.1_22-12-03/David_Bollinger_(CH)/Deutsch Numerisch - Nummer zuerst/Plugins/Pacenote/sounds/DavidBollinger
321,PACENOTE,TARMAC,Asphalt,tarmac.ogg,1,,pacenotes/Rbr.ini/packages/Extended.ini/surface/Extended.ini,assets/Co_Driver_RBR_Deutsch_Bollinger_V1.1_22-12-03/David_Bollinger_(CH)/Deutsch Numerisch - Nummer zuerst/Plugins/Pacenote/sounds/DavidBollinger
322,PACENOTE,CONCRETE,Beton,concrete.ogg,1,,pacenotes/Rbr.ini/packages/Extended.ini/surface/Extended.ini,assets/Co_Driver_RBR_Deutsch_Bollinger_V1.1_22-12-03/David_Bollinger_(CH)/Deutsch Numerisch - Nummer zuerst/Plugins/Pacenote/sounds/DavidBollinger
323,PACENOTE,COBBLES,Pflaster,cobbles.ogg,1,Not found: cobbles.ogg,pacenotes/Rbr.ini/packages/Extended.ini/surface/Extended.ini,assets/Co_Driver_RBR_Deutsch_Bollinger_V1.1_22-12-03/David_Bollinger_(CH)/Deutsch Numerisch - Nummer zuerst/Plugins/Pacenote/sounds/DavidBollinger
324,PACENOTE,GRIT,Kies,grit.ogg,1,,pacenotes/Rbr.ini/packages/Extended.ini/surface/Extended.ini,assets/Co_Driver_RBR_Deutsch_Bollinger_V1.1_22-12-03/David_Bollinger_(CH)/Deutsch Numerisch - Nummer zuerst/Plugins/Pacenote/sounds/DavidBollinger
325,PACENOTE,SNOW,Schnee,snow.ogg,1,,pacenotes/Rbr.ini/packages/Extended.ini/surface/Extended.ini,assets/Co_Driver_RBR_Deutsch_Bollinger_V1.1_22-12-03/David_Bollinger_(CH)/Deutsch Numerisch - Nummer zuerst/Plugins/Pacenote/sounds/DavidBollinger
326,PACENOTE,ONSPLIT,Splitt,onsplit.ogg,1,,pacenotes/Rbr.ini/packages/Extended.ini/surface/Extended.ini,assets/Co_Driver_RBR_Deutsch_Bollinger_V1.1_22-12-03/David_Bollinger_(CH)/Deutsch Numerisch - Nummer zuerst/Plugins/Pacenote/sounds/DavidBollinger
327,PACENOTE,ICY,Eisig,icy.ogg,1,,pacenotes/Rbr.ini/packages/Extended.ini/surface/Extended.ini,assets/Co_Driver_RBR_Deutsch_Bollinger_V1.1_22-12-03/David_Bollinger_(CH)/Deutsch Numerisch - Nummer zuerst/Plugins/Pacenote/sounds/DavidBollinger
328,PACENOTE,RUBBLE,Geröll,rubble.ogg,1,,pacenotes/Rbr.ini/packages/Extended.ini/surface/Extended.ini,assets/Co_Driver_RBR_Deutsch_Bollinger_V1.1_22-12-03/David_Bollinger_(CH)/Deutsch Numerisch - Nummer zuerst/Plugins/Pacenote/sounds/DavidBollinger
329,PACENOTE,ICE,Eis,ice.ogg,1,,pacenotes/Rbr.ini/packages/Extended.ini/surface/Extended.ini,assets/Co_Driver_RBR_Deutsch_Bollinger_V1.1_22-12-03/David_Bollinger_(CH)/Deutsch Numerisch - Nummer zuerst/Plugins/Pacenote/sounds/DavidBollinger
330,PACENOTE,LOOSE_GRAVEL,Loser Schotter,loose_gravel.ogg,1,,pacenotes/Rbr.ini/packages/Extended.ini/surface/Extended.ini,assets/Co_Driver_RBR_Deutsch_Bollinger_V1.1_22-12-03/David_Bollinger_(CH)/Deutsch Numerisch - Nummer zuerst/Plugins/Pacenote/sounds/DavidBollinger
340,PACENOTE,CREST,Kuppe,crest.ogg,1,,pacenotes/Rbr.ini/packages/Extended.ini/obstacles/Extended.ini,assets/Co_Driver_RBR_Deutsch_Bollinger_V1.1_22-12-03/David_Bollinger_(CH)/Deutsch Numerisch - Nummer zuerst/Plugins/Pacenote/sounds/DavidBollinger
341,PACENOTE,HOLLOW,Senke,hollow.ogg,1,,pacenotes/Rbr.ini/packages/Extended.ini/road/Extended.ini,assets/Co_Driver_RBR_Deutsch_Bollinger_V1.1_22-12-03/David_Bollinger_(CH)/Deutsch Numerisch - Nummer zuerst/Plugins/Pacenote/sounds/DavidBollinger
342,PACENOTE,CAMBER,Wölbung,camber.ogg,1,,pacenotes/Rbr.ini/packages/Extended.ini/road/Extended.ini,assets/Co_Driver_RBR_Deutsch_Bollinger_V1.1_22-12-03/David_Bollinger_(CH)/Deutsch Numerisch - Nummer zuerst/Plugins/Pacenote/sounds/DavidBollinger
343,PACENOTE,REVERSE_CAMBER,Wanne,reverse_camber.ogg,1,,pacenotes/Rbr.ini/packages/Extended.ini/road/Extended.ini,assets/Co_Driver_RBR_Deutsch_Bollinger_V1.1_22-12-03/David_Bollinger_(CH)/Deutsch Numerisch - Nummer zuerst/Plugins/Pacenote/sounds/DavidBollinger
344,PACENOTE,HOLE,Loch,hole.ogg,1,,pacenotes/Rbr.ini/packages/Extended.ini/obstacles/Extended.ini,assets/Co_Driver_RBR_Deutsch_Bollinger_V1.1_22-12-03/David_Bollinger_(CH)/Deutsch Numerisch - Nummer zuerst/Plugins/Pacenote/sounds/DavidBollinger
345,PACENOTE,RUTS,Rillen,ruts.ogg,1,,pacenotes/Rbr.ini/packages/Extended.ini/cautions/Extended.ini,assets/Co_Driver_RBR_Deutsch_Bollinger_V1.1_22-12-03/David_Bollinger_(CH)/Deutsch Numerisch - Nummer zuerst/Plugins/Pacenote/sounds/DavidBollinger
346,PACENOTE,DEEPRUTS,Tiefe Rillen,deepruts.ogg,1,,pacenotes/Rbr.ini/packages/Extended.ini/cautions/Extended.ini,assets/Co_Driver_RBR_Deutsch_Bollinger_V1.1_22-12-03/David_Bollinger_(CH)/Deutsch Numerisch - Nummer zuerst/Plugins/Pacenote/sounds/DavidBollinger
347,PACENOTE,BORDER,Rand,border.ogg,1,,pacenotes/Rbr.ini/packages/Extended.ini/cautions/Extended.ini,assets/Co_Driver_RBR_Deutsch_Bollinger_V1.1_22-12-03/David_Bollinger_(CH)/Deutsch Numerisch - Nummer zuerst/Plugins/Pacenote/sounds/DavidBollinger
348,PACENOTE,EDGE,Kante,edge.ogg,1,,pacenotes/Rbr.ini/packages/Extended.ini/cautions/Extended.ini,assets/Co_Driver_RBR_Deutsch_Bollinger_V1.1_22-12-03/David_Bollinger_(CH)/Deutsch Numerisch - Nummer zuerst/Plugins/Pacenote/sounds/DavidBollinger
349,PACENOTE,CURB,Bordstein,curb.ogg,1,,pacenotes/Rbr.ini/packages/Extended.ini/cautions/Extended.ini,assets/Co_Driver_RBR_Deutsch_Bollinger_V1.1_22-12-03/David_Bollinger_(CH)/Deutsch Numerisch - Nummer zuerst/Plugins/Pacenote/sounds/DavidBollinger
350,PACENOTE,DITCH,Graben,ditch.ogg,1,,pacenotes/Rbr.ini/packages/Extended.ini/cautions/Extended.ini,assets/Co_Driver_RBR_Deutsch_Bollinger_V1.1_22-12-03/David_Bollinger_(CH)/Deutsch Numerisch - Nummer zuerst/Plugins/Pacenote/sounds/DavidBollinger
351,PACENOTE,JUNCTION,Abzweig,junction.ogg,1,,pacenotes/Rbr.ini/packages/Extended.ini/line/Extended.ini,assets/Co_Driver_RBR_Deutsch_Bollinger_V1.1_22-12-03/David_Bollinger_(CH)/Deutsch Numerisch - Nummer zuerst/Plugins/Pacenote/sounds/DavidBollinger
352,PACENOTE,CURVE,Kurve,curve.ogg,1,,pacenotes/Rbr.ini/packages/Extended.ini/road/Extended.ini,assets/Co_Driver_RBR_Deutsch_Bollinger_V1.1_22-12-03/David_Bollinger_(CH)/Deutsch Numerisch - Nummer zuerst/Plugins/Pacenote/sounds/DavidBollinger
353,PACENOTE,TURN,Abbiegen,turn.ogg,1,,pacenotes/Rbr.ini/packages/Extended.ini/road/Extended.ini,assets/Co_Driver_RBR_Deutsch_Bollinger_V1.1_22-12-03/David_Bollinger_(CH)/Deutsch Numerisch - Nummer zuerst/Plugins/Pacenote/sounds/DavidBollinger
354,PACENOTE,STEEP_DROP,Steiler Abhang,steep_drop.ogg,1,,pacenotes/Rbr.ini/packages/Extended.ini/cautions/Extended.ini,assets/Co_Driver_RBR_Deutsch_Bollinger_V1.1_22-12-03/David_Bollinger_(CH)/Deutsch Numerisch - Nummer zuerst/Plugins/Pacenote/sounds/DavidBollinger
355,PACENOTE,BAD_CAMBER,Starke Wölbung,bad_camber.ogg,1,,pacenotes/Rbr.ini/packages/Extended.ini/road/Extended.ini,assets/Co_Driver_RBR_Deutsch_Bollinger_V1.1_22-12-03/David_Bollinger_(CH)/Deutsch Numerisch - Nummer zuerst/Plugins/Pacenote/sounds/DavidBollinger
356,PACENOTE,SHOULDER,Bankett,shoulder.ogg,1,,pacenotes/Rbr.ini/packages/Extended.ini/cautions/Extended.ini,assets/Co_Driver_RBR_Deutsch_Bollinger_V1.1_22-12-03/David_Bollinger_(CH)/Deutsch Numerisch - Nummer zuerst/Plugins/Pacenote/sounds/DavidBollinger
357,PACENOTE,STEEP_HILL,Steiles Gefälle,steep_hill.ogg,1,,pacenotes/Rbr.ini/packages/Extended.ini/cautions/Extended.ini,assets/Co_Driver_RBR_Deutsch_Bollinger_V1.1_22-12-03/David_Bollinger_(CH)/Deutsch Numerisch - Nummer zuerst/Plugins/Pacenote/sounds/DavidBollinger
358,PACENOTE,STEEP_INCLINE,Steiler Anstieg,steep_incline.ogg,1,,pacenotes/Rbr.ini/packages/Extended.ini/cautions/Extended.ini,assets/Co_Driver_RBR_Deutsch_Bollinger_V1.1_22-12-03/David_Bollinger_(CH)/Deutsch Numerisch - Nummer zuerst/Plugins/Pacenote/sounds/DavidBollinger
359,PACENOTE,STEEP_SLOPE,Steilhang,steep_slope.ogg,1,,pacenotes/Rbr.ini/packages/Extended.ini/cautions/Extended.ini,assets/Co_Driver_RBR_Deutsch_Bollinger_V1.1_22-12-03/David_Bollinger_(CH)/Deutsch Numerisch - Nummer zuerst/Plugins/Pacenote/sounds/DavidBollinger
361,PACENOTE,DIP,Abhang,dip.ogg,1,,pacenotes/Rbr.ini/packages/Extended.ini/obstacles/Extended.ini,assets/Co_Driver_RBR_Deutsch_Bollinger_V1.1_22-12-03/David_Bollinger_(CH)/Deutsch Numerisch - Nummer zuerst/Plugins/Pacenote/sounds/DavidBollinger
362,PACENOTE,DROPS,,drops.ogg,1,Not found: drops.ogg,pacenotes/Rbr.ini/packages/Extended.ini/road/Extended.ini,assets/Co_Driver_RBR_Deutsch_Bollinger_V1.1_22-12-03/David_Bollinger_(CH)/Deutsch Numerisch - Nummer zuerst/Plugins/Pacenote/sounds/DavidBollinger
363,PACENOTE,DROPS_LEFT,Hängt Links,drops_left.ogg,1,,pacenotes/Rbr.ini/packages/Extended.ini/road/Extended.ini,assets/Co_Driver_RBR_Deutsch_Bollinger_V1.1_22-12-03/David_Bollinger_(CH)/Deutsch Numerisch - Nummer zuerst/Plugins/Pacenote/sounds/DavidBollinger
364,PACENOTE,DROPS_RIGHT,Hängt Rechts,drops_right.ogg,1,,pacenotes/Rbr.ini/packages/Extended.ini/road/Extended.ini,assets/Co_Driver_RBR_Deutsch_Bollinger_V1.1_22-12-03/David_Bollinger_(CH)/Deutsch Numerisch - Nummer zuerst/Plugins/Pacenote/sounds/DavidBollinger
365,PACENOTE,FORK_LEFT,Abzweig Links,fork_left.ogg,1,,pacenotes/Rbr.ini/packages/Extended.ini/road/Extended.ini,assets/Co_Driver_RBR_Deutsch_Bollinger_V1.1_22-12-03/David_Bollinger_(CH)/Deutsch Numerisch - Nummer zuerst/Plugins/Pacenote/sounds/DavidBollinger
366,PACENOTE,FORK_RIGHT,Abzweig Rechts,fork_right.ogg,1,,pacenotes/Rbr.ini/packages/Extended.ini/road/Extended.ini,assets/Co_Driver_RBR_Deutsch_Bollinger_V1.1_22-12-03/David_Bollinger_(CH)/Deutsch Numerisch - Nummer zuerst/Plugins/Pacenote/sounds/DavidBollinger
367,PACENOTE,NEGATIVE_CAMBER,,negative_camber.ogg,1,Not found: negative_camber.ogg,pacenotes/Rbr.ini/packages/Extended.ini/road/Extended.ini,assets/Co_Driver_RBR_Deutsch_Bollinger_V1.1_22-12-03/David_Bollinger_(CH)/Deutsch Numerisch - Nummer zuerst/Plugins/Pacenote/sounds/DavidBollinger
368,PACENOTE,POSITIVE_CAMBER,,positive_camber.ogg,1,Not found: positive_camber.ogg,pacenotes/Rbr.ini/packages/Extended.ini/road/Extended.ini,assets/Co_Driver_RBR_Deutsch_Bollinger_V1.1_22-12-03/David_Bollinger_(CH)/Deutsch Numerisch - Nummer zuerst/Plugins/Pacenote/sounds/DavidBollinger
370,PACENOTE,FENCE,Zaun,fence.ogg,1,,pacenotes/Rbr.ini/packages/Extended.ini/construction/Extended.ini,assets/Co_Driver_RBR_Deutsch_Bollinger_V1.1_22-12-03/David_Bollinger_(CH)/Deutsch Numerisch - Nummer zuerst/Plugins/Pacenote/sounds/DavidBollinger
371,PACENOTE,WALL,Mauer,wall.ogg,1,,pacenotes/Rbr.ini/packages/Extended.ini/construction/Extended.ini,assets/Co_Driver_RBR_Deutsch_Bollinger_V1.1_22-12-03/David_Bollinger_(CH)/Deutsch Numerisch - Nummer zuerst/Plugins/Pacenote/sounds/DavidBollinger
372,PACENOTE,HOUSE,Haus,house.ogg,1,,pacenotes/Rbr.ini/packages/Extended.ini/construction/Extended.ini,assets/Co_Driver_RBR_Deutsch_Bollinger_V1.1_22-12-03/David_Bollinger_(CH)/Deutsch Numerisch - Nummer zuerst/Plugins/Pacenote/sounds/DavidBollinger
373,PACENOTE,TREE,Baum,tree.ogg,1,,pacenotes/Rbr.ini/packages/Extended.ini/obstacles/Extended.ini,assets/Co_Driver_RBR_Deutsch_Bollinger_V1.1_22-12-03/David_Bollinger_(CH)/Deutsch Numerisch - Nummer zuerst/Plugins/Pacenote/sounds/DavidBollinger
374,PACENOTE,STUMP,Stumpf,stump.ogg,1,,pacenotes/Rbr.ini/packages/Extended.ini/obstacles/Extended.ini,assets/Co_Driver_RBR_Deutsch_Bollinger_V1.1_22-12-03/David_Bollinger_(CH)/Deutsch Numerisch - Nummer zuerst/Plugins/Pacenote/sounds/DavidBollinger
375,PACENOTE,MAST,Mast,mast.ogg,1,,pacenotes/Rbr.ini/packages/Extended.ini/construction/Extended.ini,assets/Co_Driver_RBR_Deutsch_Bollinger_V1.1_22-12-03/David_Bollinger_(CH)/Deutsch Numerisch - Nummer zuerst/Plugins/Pacenote/sounds/DavidBollinger
376,PACENOTE,POST,Pfosten,post.ogg,1,,pacenotes/Rbr.ini/packages/Extended.ini/construction/Extended.ini,assets/Co_Driver_RBR_Deutsch_Bollinger_V1.1_22-12-03/David_Bollinger_(CH)/Deutsch Numerisch - Nummer zuerst/Plugins/Pacenote/sounds/DavidBollinger
377,PACENOTE,ISLAND,Kreisel,island.ogg,1,,pacenotes/Rbr.ini/packages/Extended.ini/construction/Extended.ini,assets/Co_Driver_RBR_Deutsch_Bollinger_V1.1_22-12-03/David_Bollinger_(CH)/Deutsch Numerisch - Nummer zuerst/Plugins/Pacenote/sounds/DavidBollinger
378,PACENOTE,CHICANE,Schikane,chicane.ogg,1,,pacenotes/Rbr.ini/packages/Extended.ini/construction/Extended.ini,assets/Co_Driver_RBR_Deutsch_Bollinger_V1.1_22-12-03/David_Bollinger_(CH)/Deutsch Numerisch - Nummer zuerst/Plugins/Pacenote/sounds/DavidBollinger
379,PACENOTE,STONE,Stein,stone.ogg,1,,pacenotes/Rbr.ini/packages/Extended.ini/obstacles/Extended.ini,assets/Co_Driver_RBR_Deutsch_Bollinger_V1.1_22-12-03/David_Bollinger_(CH)/Deutsch Numerisch - Nummer zuerst/Plugins/Pacenote/sounds/DavidBollinger
380,PACENOTE,ROCK,Fels,rock.ogg,1,,pacenotes/Rbr.ini/packages/Extended.ini/obstacles/Extended.ini,assets/Co_Driver_RBR_Deutsch_Bollinger_V1.1_22-12-03/David_Bollinger_(CH)/Deutsch Numerisch - Nummer zuerst/Plugins/Pacenote/sounds/DavidBollinger
381,PACENOTE,TUNNEL,Tunnel,tunnel.ogg,1,,pacenotes/Rbr.ini/packages/Extended.ini/obstacles/Extended.ini,assets/Co_Driver_RBR_Deutsch_Bollinger_V1.1_22-12-03/David_Bollinger_(CH)/Deutsch Numerisch - Nummer zuerst/Plugins/Pacenote/sounds/DavidBollinger
382,PACENOTE,ROAD,Straße,road.ogg,1,,pacenotes/Rbr.ini/packages/Extended.ini/construction/Extended.ini,assets/Co_Driver_RBR_Deutsch_Bollinger_V1.1_22-12-03/David_Bollinger_(CH)/Deutsch Numerisch - Nummer zuerst/Plugins/Pacenote/sounds/DavidBollinger
383,PACENOTE,WALK,Weg,walk.ogg,1,,pacenotes/Rbr.ini/packages/Extended.ini/construction/Extended.ini,assets/Co_Driver_RBR_Deutsch_Bollinger_V1.1_22-12-03/David_Bollinger_(CH)/Deutsch Numerisch - Nummer zuerst/Plugins/Pacenote/sounds/DavidBollinger
384,PACENOTE,RAILS,Gleis,rails.ogg,1,,pacenotes/Rbr.ini/packages/Extended.ini/obstacles/Extended.ini,assets/Co_Driver_RBR_Deutsch_Bollinger_V1.1_22-12-03/David_Bollinger_(CH)/Deutsch Numerisch - Nummer zuerst/Plugins/Pacenote/sounds/DavidBollinger
385,PACENOTE,SIGN,Schild,sign.ogg,1,,pacenotes/Rbr.ini/packages/Extended.ini/obstacles/Extended.ini,assets/Co_Driver_RBR_Deutsch_Bollinger_V1.1_22-12-03/David_Bollinger_(CH)/Deutsch Numerisch - Nummer zuerst/Plugins/Pacenote/sounds/DavidBollinger
386,PACENOTE,BUSH,Busch,bush.ogg,1,,pacenotes/Rbr.ini/packages/Extended.ini/obstacles/Extended.ini,assets/Co_Driver_RBR_Deutsch_Bollinger_V1.1_22-12-03/David_Bollinger_(CH)/Deutsch Numerisch - Nummer zuerst/Plugins/Pacenote/sounds/DavidBollinger
387,PACENOTE,PATH,Weg,path.ogg,1,,pacenotes/Rbr.ini/packages/Extended.ini/construction/Extended.ini,assets/Co_Driver_RBR_Deutsch_Bollinger_V1.1_22-12-03/David_Bollinger_(CH)/Deutsch Numerisch - Nummer zuerst/Plugins/Pacenote/sounds/DavidBollinger
388,PACENOTE,WATER,Wasser,water.ogg,1,,pacenotes/Rbr.ini/packages/Extended.ini/obstacles/Extended.ini,assets/Co_Driver_RBR_Deutsch_Bollinger_V1.1_22-12-03/David_Bollinger_(CH)/Deutsch Numerisch - Nummer zuerst/Plugins/Pacenote/sounds/DavidBollinger
389,PACENOTE,PUDDLE,Pfütze,puddle.ogg,1,,pacenotes/Rbr.ini/packages/Extended.ini/obstacles/Extended.ini,assets/Co_Driver_RBR_Deutsch_Bollinger_V1.1_22-12-03/David_Bollinger_(CH)/Deutsch Numerisch - Nummer zuerst/Plugins/Pacenote/sounds/DavidBollinger
392,PACENOTE,LEFT_ENTRY_CHICANE,Schikane Eingang Links,left_entry_chicane.ogg,1,,pacenotes/Rbr.ini/packages/Extended.ini/line/Extended.ini,assets/Co_Driver_RBR_Deutsch_Bollinger_V1.1_22-12-03/David_Bollinger_(CH)/Deutsch Numerisch - Nummer zuerst/Plugins/Pacenote/sounds/DavidBollinger
393,PACENOTE,RIGHT_ENTRY_CHICANE,Schikane Eingang Rechts,right_entry_chicane.ogg,1,,pacenotes/Rbr.ini/packages/Extended.ini/line/Extended.ini,assets/Co_Driver_RBR_Deutsch_Bollinger_V1.1_22-12-03/David_Bollinger_(CH)/Deutsch Numerisch - Nummer zuerst/Plugins/Pacenote/sounds/DavidBollinger
397,PACENOTE,BARRELS,Fässer,barrels.ogg,1,Not found: barrels.ogg,pacenotes/Rbr.ini/packages/Extended.ini/obstacles/Extended.ini,assets/Co_Driver_RBR_Deutsch_Bollinger_V1.1_22-12-03/David_Bollinger_(CH)/Deutsch Numerisch - Nummer zuerst/Plugins/Pacenote/sounds/DavidBollinger
399,PACENOTE,ROUNDABOUT,Kreisverkehr,roundabout.ogg,1,,pacenotes/Rbr.ini/packages/Extended.ini/construction/Extended.ini,assets/Co_Driver_RBR_Deutsch_Bollinger_V1.1_22-12-03/David_Bollinger_(CH)/Deutsch Numerisch - Nummer zuerst/Plugins/Pacenote/sounds/DavidBollinger
400,PACENOTE,THROUGH,Durch,through.ogg,1,,pacenotes/Rbr.ini/packages/Extended.ini/prepositions/Extended.ini,assets/Co_Driver_RBR_Deutsch_Bollinger_V1.1_22-12-03/David_Bollinger_(CH)/Deutsch Numerisch - Nummer zuerst/Plugins/Pacenote/sounds/DavidBollinger
401,PACENOTE,AFTER,Nach,after.ogg,1,,pacenotes/Rbr.ini/packages/Extended.ini/prepositions/Extended.ini,assets/Co_Driver_RBR_Deutsch_Bollinger_V1.1_22-12-03/David_Bollinger_(CH)/Deutsch Numerisch - Nummer zuerst/Plugins/Pacenote/sounds/DavidBollinger
402,PACENOTE,NEAR,Nahe,near.ogg,1,,pacenotes/Rbr.ini/packages/Extended.ini/prepositions/Extended.ini,assets/Co_Driver_RBR_Deutsch_Bollinger_V1.1_22-12-03/David_Bollinger_(CH)/Deutsch Numerisch - Nummer zuerst/Plugins/Pacenote/sounds/DavidBollinger
403,PACENOTE,ON,Auf,on.ogg,1,,pacenotes/Rbr.ini/packages/Extended.ini/prepositions/Extended.ini,assets/Co_Driver_RBR_Deutsch_Bollinger_V1.1_22-12-03/David_Bollinger_(CH)/Deutsch Numerisch - Nummer zuerst/Plugins/Pacenote/sounds/DavidBollinger
404,PACENOTE,UNTIL,Bis,until.ogg,1,,pacenotes/Rbr.ini/packages/Extended.ini/prepositions/Extended.ini,assets/Co_Driver_RBR_Deutsch_Bollinger_V1.1_22-12-03/David_Bollinger_(CH)/Deutsch Numerisch - Nummer zuerst/Plugins/Pacenote/sounds/DavidBollinger
405,PACENOTE,AT,Bei,at.ogg,1,,pacenotes/Rbr.ini/packages/Extended.ini/prepositions/Extended.ini,assets/Co_Driver_RBR_Deutsch_Bollinger_V1.1_22-12-03/David_Bollinger_(CH)/Deutsch Numerisch - Nummer zuerst/Plugins/Pacenote/sounds/DavidBollinger
406,PACENOTE,BEFORE,Vor,before.ogg,1,,pacenotes/Rbr.ini/packages/Extended.ini/prepositions/Extended.ini,assets/Co_Driver_RBR_Deutsch_Bollinger_V1.1_22-12-03/David_Bollinger_(CH)/Deutsch Numerisch - Nummer zuerst/Plugins/Pacenote/sounds/DavidBollinger
407,PACENOTE,OVER,Über,over.ogg,1,,pacenotes/Rbr.ini/packages/Extended.ini/prepositions/Extended.ini,assets/Co_Driver_RBR_Deutsch_Bollinger_V1.1_22-12-03/David_Bollinger_(CH)/Deutsch Numerisch - Nummer zuerst/Plugins/Pacenote/sounds/DavidBollinger
408,PACENOTE,IN,In,in.ogg,1,,pacenotes/Rbr.ini/packages/Extended.ini/prepositions/Extended.ini,assets/Co_Driver_RBR_Deutsch_Bollinger_V1.1_22-12-03/David_Bollinger_(CH)/Deutsch Numerisch - Nummer zuerst/Plugins/Pacenote/sounds/DavidBollinger
409,PACENOTE,BEHIND,Hinter,behind.ogg,1,,pacenotes/Rbr.ini/packages/Extended.ini/prepositions/Extended.ini,assets/Co_Driver_RBR_Deutsch_Bollinger_V1.1_22-12-03/David_Bollinger_(CH)/Deutsch Numerisch - Nummer zuerst/Plugins/Pacenote/sounds/DavidBollinger
410,PACENOTE,FOR,Für,for.ogg,1,,pacenotes/Rbr.ini/packages/Extended.ini/prepositions/Extended.ini,assets/Co_Driver_RBR_Deutsch_Bollinger_V1.1_22-12-03/David_Bollinger_(CH)/Deutsch Numerisch - Nummer zuerst/Plugins/Pacenote/sounds/DavidBollinger
411,PACENOTE,INSIDE,Innen,inside.ogg,1,,pacenotes/Rbr.ini/packages/Extended.ini/prepositions/Extended.ini,assets/Co_Driver_RBR_Deutsch_Bollinger_V1.1_22-12-03/David_Bollinger_(CH)/Deutsch Numerisch - Nummer zuerst/Plugins/Pacenote/sounds/DavidBollinger
412,PACENOTE,OUTSIDE,Außen,outside.ogg,1,,pacenotes/Rbr.ini/packages/Extended.ini/prepositions/Extended.ini,assets/Co_Driver_RBR_Deutsch_Bollinger_V1.1_22-12-03/David_Bollinger_(CH)/Deutsch Numerisch - Nummer zuerst/Plugins/Pacenote/sounds/DavidBollinger
413,PACENOTE,THEN,,then.ogg,1,Not found: then.ogg,pacenotes/Rbr.ini/packages/Extended.ini/prepositions/Extended.ini,assets/Co_Driver_RBR_Deutsch_Bollinger_V1.1_22-12-03/David_Bollinger_(CH)/Deutsch Numerisch - Nummer zuerst/Plugins/Pacenote/sounds/DavidBollinger
414,PACENOTE,OFF,,off.ogg,1,Not found: off.ogg,pacenotes/Rbr.ini/packages/Extended.ini/prepositions/Extended.ini,assets/Co_Driver_RBR_Deutsch_Bollinger_V1.1_22-12-03/David_Bollinger_(CH)/Deutsch Numerisch - Nummer zuerst/Plugins/Pacenote/sounds/DavidBollinger
430,PACENOTE,DONE,Ende,done.ogg,1,,pacenotes/Rbr.ini/packages/Extended.ini/links/Extended.ini,assets/Co_Driver_RBR_Deutsch_Bollinger_V1.1_22-12-03/David_Bollinger_(CH)/Deutsch Numerisch - Nummer zuerst/Plugins/Pacenote/sounds/DavidBollinger
431,PACENOTE,STOP,Stop,stop.ogg,1,,pacenotes/Rbr.ini/packages/Extended.ini/links/Extended.ini,assets/Co_Driver_RBR_Deutsch_Bollinger_V1.1_22-12-03/David_Bollinger_(CH)/Deutsch Numerisch - Nummer zuerst/Plugins/Pacenote/sounds/DavidBollinger
432,PACENOTE,LINE,Linie,line.ogg,1,,pacenotes/Rbr.ini/packages/Extended.ini/line/Extended.ini,assets/Co_Driver_RBR_Deutsch_Bollinger_V1.1_22-12-03/David_Bollinger_(CH)/Deutsch Numerisch - Nummer zuerst/Plugins/Pacenote/sounds/DavidBollinger
443,PACENOTE,WOODEN_FENCE,Holzzaun,wooden_fence.ogg,1,,pacenotes/Rbr.ini/packages/Extended.ini/construction/Extended.ini,assets/Co_Driver_RBR_Deutsch_Bollinger_V1.1_22-12-03/David_Bollinger_(CH)/Deutsch Numerisch - Nummer zuerst/Plugins/Pacenote/sounds/DavidBollinger
540,PACENOTE,ONTO_GRAVEL,Auf Schotter,onto_gravel.ogg,1,,pacenotes/Rbr.ini/packages/Extended.ini/surface/Extended.ini,assets/Co_Driver_RBR_Deutsch_Bollinger_V1.1_22-12-03/David_Bollinger_(CH)/Deutsch Numerisch - Nummer zuerst/Plugins/Pacenote/sounds/DavidBollinger
541,PACENOTE,ONTO_TARMAC,Auf Asphalt,onto_tarmac.ogg,1,,pacenotes/Rbr.ini/packages/Extended.ini/surface/Extended.ini,assets/Co_Driver_RBR_Deutsch_Bollinger_V1.1_22-12-03/David_Bollinger_(CH)/Deutsch Numerisch - Nummer zuerst/Plugins/Pacenote/sounds/DavidBollinger
542,PACENOTE,ONTO_CONCRETE,Auf Beton,onto_concrete.ogg,1,,pacenotes/Rbr.ini/packages/Extended.ini/surface/Extended.ini,assets/Co_Driver_RBR_Deutsch_Bollinger_V1.1_22-12-03/David_Bollinger_(CH)/Deutsch Numerisch - Nummer zuerst/Plugins/Pacenote/sounds/DavidBollinger
543,PACENOTE,ONTO_COBBLES,Auf Pflaster,onto_cobbles.ogg,1,Not found: onto_cobbles.ogg,pacenotes/Rbr.ini/packages/Extended.ini/surface/Extended.ini,assets/Co_Driver_RBR_Deutsch_Bollinger_V1.1_22-12-03/David_Bollinger_(CH)/Deutsch Numerisch - Nummer zuerst/Plugins/Pacenote/sounds/DavidBollinger
544,PACENOTE,ONTO_GRIT,Auf Kies,onto_grit.ogg,1,,pacenotes/Rbr.ini/packages/Extended.ini/surface/Extended.ini,assets/Co_Driver_RBR_Deutsch_Bollinger_V1.1_22-12-03/David_Bollinger_(CH)/Deutsch Numerisch - Nummer zuerst/Plugins/Pacenote/sounds/DavidBollinger
545,PACENOTE,ONTO_SNOW,Auf Schnee,onto_snow.ogg,1,,pacenotes/Rbr.ini/packages/Extended.ini/surface/Extended.ini,assets/Co_Driver_RBR_Deutsch_Bollinger_V1.1_22-12-03/David_Bollinger_(CH)/Deutsch Numerisch - Nummer zuerst/Plugins/Pacenote/sounds/DavidBollinger
546,PACENOTE,WET,Nass,wet.ogg,1,,pacenotes/Rbr.ini/packages/Extended.ini/condition/Extended.ini,assets/Co_Driver_RBR_Deutsch_Bollinger_V1.1_22-12-03/David_Bollinger_(CH)/Deutsch Numerisch - Nummer zuerst/Plugins/Pacenote/sounds/DavidBollinger
547,PACENOTE,DRY,Trocken,dry.ogg,1,,pacenotes/Rbr.ini/packages/Extended.ini/condition/Extended.ini,assets/Co_Driver_RBR_Deutsch_Bollinger_V1.1_22-12-03/David_Bollinger_(CH)/Deutsch Numerisch - Nummer zuerst/Plugins/Pacenote/sounds/DavidBollinger
548,PACENOTE,DAMP,Feucht,damp.ogg,1,,pacenotes/Rbr.ini/packages/Extended.ini/condition/Extended.ini,assets/Co_Driver_RBR_Deutsch_Bollinger_V1.1_22-12-03/David_Bollinger_(CH)/Deutsch Numerisch - Nummer zuerst/Plugins/Pacenote/sounds/DavidBollinger
549,PACENOTE,HOLD,Halten,hold.ogg,1,,pacenotes/Rbr.ini/packages/Extended.ini/line/Extended.ini,assets/Co_Driver_RBR_Deutsch_Bollinger_V1.1_22-12-03/David_Bollinger_(CH)/Deutsch Numerisch - Nummer zuerst/Plugins/Pacenote/sounds/DavidBollinger
550,PACENOTE,TAKE_SPEED,Speed Mit,take_speed.ogg,1,,pacenotes/Rbr.ini/packages/Extended.ini/driving/Extended.ini,assets/Co_Driver_RBR_Deutsch_Bollinger_V1.1_22-12-03/David_Bollinger_(CH)/Deutsch Numerisch - Nummer zuerst/Plugins/Pacenote/sounds/DavidBollinger
551,PACENOTE,L_FOOT_BRAKING,LinksFussBremsen,l_foot_braking.ogg,1,,pacenotes/Rbr.ini/packages/Extended.ini/additional/Extended.ini,assets/Co_Driver_RBR_Deutsch_Bollinger_V1.1_22-12-03/David_Bollinger_(CH)/Deutsch Numerisch - Nummer zuerst/Plugins/Pacenote/sounds/DavidBollinger
552,PACENOTE,GRIP_OFF,Reißt Ab,grip_off.ogg,1,,pacenotes/Rbr.ini/packages/Extended.ini/condition/Extended.ini,assets/Co_Driver_RBR_Deutsch_Bollinger_V1.1_22-12-03/David_Bollinger_(CH)/Deutsch Numerisch - Nummer zuerst/Plugins/Pacenote/sounds/DavidBollinger
553,PACENOTE,GRIP,Grip,grip.ogg,1,,pacenotes/Rbr.ini/packages/Extended.ini/condition/Extended.ini,assets/Co_Driver_RBR_Deutsch_Bollinger_V1.1_22-12-03/David_Bollinger_(CH)/Deutsch Numerisch - Nummer zuerst/Plugins/Pacenote/sounds/DavidBollinger
554,PACENOTE,GOOD_GRIP,Viel Grip,good_grip.ogg,1,,pacenotes/Rbr.ini/packages/Extended.ini/condition/Extended.ini,assets/Co_Driver_RBR_Deutsch_Bollinger_V1.1_22-12-03/David_Bollinger_(CH)/Deutsch Numerisch - Nummer zuerst/Plugins/Pacenote/sounds/DavidBollinger
555,PACENOTE,TO_SIGHT_DISTANCE,Bis Sicht,to_sight_distance.ogg,1,,pacenotes/Rbr.ini/packages/Extended.ini/line/Extended.ini,assets/Co_Driver_RBR_Deutsch_Bollinger_V1.1_22-12-03/David_Bollinger_(CH)/Deutsch Numerisch - Nummer zuerst/Plugins/Pacenote/sounds/DavidBollinger
556,PACENOTE,SPLIT_TIME,Zeit,split_time.ogg,1,,pacenotes/Rbr.ini/packages/Extended.ini/links/Extended.ini,assets/Co_Driver_RBR_Deutsch_Bollinger_V1.1_22-12-03/David_Bollinger_(CH)/Deutsch Numerisch - Nummer zuerst/Plugins/Pacenote/sounds/DavidBollinger
557,PACENOTE,ENTRY,Eingang,entry.ogg,1,,pacenotes/Rbr.ini/packages/Extended.ini/line/Extended.ini,assets/Co_Driver_RBR_Deutsch_Bollinger_V1.1_22-12-03/David_Bollinger_(CH)/Deutsch Numerisch - Nummer zuerst/Plugins/Pacenote/sounds/DavidBollinger
2001,PACENOTE,TIGHTENS6,Macht zu 6*,tightens6.ogg,1,,pacenotes/Rbr.ini/packages/Extended.ini/adjectives/Extended.ini,assets/Co_Driver_RBR_Deutsch_Bollinger_V1.1_22-12-03/David_Bollinger_(CH)/Deutsch Numerisch - Nummer zuerst/Plugins/Pacenote/sounds/DavidBollinger
2002,PACENOTE,TIGHTENS5,Macht zu 5*,tightens5.ogg,1,,pacenotes/Rbr.ini/packages/Extended.ini/adjectives/Extended.ini,assets/Co_Driver_RBR_Deutsch_Bollinger_V1.1_22-12-03/David_Bollinger_(CH)/Deutsch Numerisch - Nummer zuerst/Plugins/Pacenote/sounds/DavidBollinger
2003,PACENOTE,TIGHTENS4,Macht zu 4*,tightens4.ogg,1,,pacenotes/Rbr.ini/packages/Extended.ini/adjectives/Extended.ini,assets/Co_Driver_RBR_Deutsch_Bollinger_V1.1_22-12-03/David_Bollinger_(CH)/Deutsch Numerisch - Nummer zuerst/Plugins/Pacenote/sounds/DavidBollinger
2004,PACENOTE,TIGHTENS3,Macht zu 3*,tightens3.ogg,1,,pacenotes/Rbr.ini/packages/Extended.ini/adjectives/Extended.ini,assets/Co_Driver_RBR_Deutsch_Bollinger_V1.1_22-12-03/David_Bollinger_(CH)/Deutsch Numerisch - Nummer zuerst/Plugins/Pacenote/sounds/DavidBollinger
2005,PACENOTE,TIGHTENS2,Macht zu 2*,tightens2.ogg,1,,pacenotes/Rbr.ini/packages/Extended.ini/adjectives/Extended.ini,assets/Co_Driver_RBR_Deutsch_Bollinger_V1.1_22-12-03/David_Bollinger_(CH)/Deutsch Numerisch - Nummer zuerst/Plugins/Pacenote/sounds/DavidBollinger
2006,PACENOTE,TIGHTENS1,Macht zu 1*,tightens1.ogg,1,,pacenotes/Rbr.ini/packages/Extended.ini/adjectives/Extended.ini,assets/Co_Driver_RBR_Deutsch_Bollinger_V1.1_22-12-03/David_Bollinger_(CH)/Deutsch Numerisch - Nummer zuerst/Plugins/Pacenote/sounds/DavidBollinger
2007,PACENOTE,TIGHTENSHP,Macht zu Kehre*,tightenshp.ogg,1,Not found: tightenshp.ogg,pacenotes/Rbr.ini/packages/Extended.ini/adjectives/Extended.ini,assets/Co_Driver_RBR_Deutsch_Bollinger_V1.1_22-12-03/David_Bollinger_(CH)/Deutsch Numerisch - Nummer zuerst/Plugins/Pacenote/sounds/DavidBollinger
2008,PACENOTE,TOSIX,6*,6.ogg,1,,pacenotes/Rbr.ini/packages/Extended.ini/adjectives/Extended.ini,assets/Co_Driver_RBR_Deutsch_Bollinger_V1.1_22-12-03/David_Bollinger_(CH)/Deutsch Numerisch - Nummer zuerst/Plugins/Pacenote/sounds/DavidBollinger
2009,PACENOTE,TOFIVE,5*,5.ogg,1,,pacenotes/Rbr.ini/packages/Extended.ini/adjectives/Extended.ini,assets/Co_Driver_RBR_Deutsch_Bollinger_V1.1_22-12-03/David_Bollinger_(CH)/Deutsch Numerisch - Nummer zuerst/Plugins/Pacenote/sounds/DavidBollinger
2010,PACENOTE,TOFOUR,4*,4.ogg,1,,pacenotes/Rbr.ini/packages/Extended.ini/adjectives/Extended.ini,assets/Co_Driver_RBR_Deutsch_Bollinger_V1.1_22-12-03/David_Bollinger_(CH)/Deutsch Numerisch - Nummer zuerst/Plugins/Pacenote/sounds/DavidBollinger
2011,PACENOTE,TOTHREE,3*,3.ogg,1,,pacenotes/Rbr.ini/packages/Extended.ini/adjectives/Extended.ini,assets/Co_Driver_RBR_Deutsch_Bollinger_V1.1_22-12-03/David_Bollinger_(CH)/Deutsch Numerisch - Nummer zuerst/Plugins/Pacenote/sounds/DavidBollinger
2012,PACENOTE,TOTWO,2*,two_de.ogg,1,,pacenotes/Rbr.ini/packages/Extended.ini/adjectives/Extended.ini,assets/Co_Driver_RBR_Deutsch_Bollinger_V1.1_22-12-03/David_Bollinger_(CH)/Deutsch Numerisch - Nummer zuerst/Plugins/Pacenote/sounds/DavidBollinger
2013,PACENOTE,TOONE,1*,1.ogg,1,,pacenotes/Rbr.ini/packages/Extended.ini/adjectives/Extended.ini,assets/Co_Driver_RBR_Deutsch_Bollinger_V1.1_22-12-03/David_Bollinger_(CH)/Deutsch Numerisch - Nummer zuerst/Plugins/Pacenote/sounds/DavidBollinger
2014,PACENOTE,TOHP,Kehre*,hairpin.ogg,1,Not found: hairpin.ogg,pacenotes/Rbr.ini/packages/Extended.ini/adjectives/Extended.ini,assets/Co_Driver_RBR_Deutsch_Bollinger_V1.1_22-12-03/David_Bollinger_(CH)/Deutsch Numerisch - Nummer zuerst/Plugins/Pacenote/sounds/DavidBollinger
2015,PACENOTE,TIGHTENSLATE,Macht Spät Zu,tightenslate.ogg,1,,pacenotes/Rbr.ini/packages/Extended.ini/adjectives/Extended.ini,assets/Co_Driver_RBR_Deutsch_Bollinger_V1.1_22-12-03/David_Bollinger_(CH)/Deutsch Numerisch - Nummer zuerst/Plugins/Pacenote/sounds/DavidBollinger
2018,PACENOTE,OPENSTIGHTENS,Macht Auf und Zu,openstightens.ogg,1,,pacenotes/Rbr.ini/packages/Extended.ini/adjectives/Extended.ini,assets/Co_Driver_RBR_Deutsch_Bollinger_V1.1_22-12-03/David_Bollinger_(CH)/Deutsch Numerisch - Nummer zuerst/Plugins/Pacenote/sounds/DavidBollinger
2019,PACENOTE,TIGHTENSOPENS,Macht Zu und Auf,tightensopens.ogg,1,,pacenotes/Rbr.ini/packages/Extended.ini/adjectives/Extended.ini,assets/Co_Driver_RBR_Deutsch_Bollinger_V1.1_22-12-03/David_Bollinger_(CH)/Deutsch Numerisch - Nummer zuerst/Plugins/Pacenote/sounds/DavidBollinger
2021,PACENOTE,CARE_IN,Vorsicht Innen*,carein.ogg,1,,pacenotes/Rbr.ini/packages/Extended.ini/cautions/Extended.ini,assets/Co_Driver_RBR_Deutsch_Bollinger_V1.1_22-12-03/David_Bollinger_(CH)/Deutsch Numerisch - Nummer zuerst/Plugins/Pacenote/sounds/DavidBollinger
2022,PACENOTE,CARE_OUT,Vorsicht Außen*,careout.ogg,1,,pacenotes/Rbr.ini/packages/Extended.ini/cautions/Extended.ini,assets/Co_Driver_RBR_Deutsch_Bollinger_V1.1_22-12-03/David_Bollinger_(CH)/Deutsch Numerisch - Nummer zuerst/Plugins/Pacenote/sounds/DavidBollinger
2029,PACENOTE,CONTINUESOVERCREST,Halten über Kuppe,continuesovercrest.ogg,1,,pacenotes/Rbr.ini/packages/Extended.ini/obstacles/Extended.ini,assets/Co_Driver_RBR_Deutsch_Bollinger_V1.1_22-12-03/David_Bollinger_(CH)/Deutsch Numerisch - Nummer zuerst/Plugins/Pacenote/sounds/DavidBollinger
2103,PACENOTE,HALF_LONG,HalbLang,half_long.ogg,1,Not found: half_long.ogg,pacenotes/Rbr.ini/packages/Extended.ini/additional/Extended.ini,assets/Co_Driver_RBR_Deutsch_Bollinger_V1.1_22-12-03/David_Bollinger_(CH)/Deutsch Numerisch - Nummer zuerst/Plugins/Pacenote/sounds/DavidBollinger
2106,PACENOTE,JUMPFULL,Sprung Voll,jumpfull.ogg,1,,pacenotes/Rbr.ini/packages/Extended.ini/obstacles/Extended.ini,assets/Co_Driver_RBR_Deutsch_Bollinger_V1.1_22-12-03/David_Bollinger_(CH)/Deutsch Numerisch - Nummer zuerst/Plugins/Pacenote/sounds/DavidBollinger
2108,PACENOTE,OVERJUMP,Über Sprung,overjump.ogg,1,,pacenotes/Rbr.ini/packages/Extended.ini/obstacles/Extended.ini,assets/Co_Driver_RBR_Deutsch_Bollinger_V1.1_22-12-03/David_Bollinger_(CH)/Deutsch Numerisch - Nummer zuerst/Plugins/Pacenote/sounds/DavidBollinger
2109,PACENOTE,SMALLCREST,Kuppe Klein,smallcrest.ogg,1,,pacenotes/Rbr.ini/packages/Extended.ini/obstacles/Extended.ini,assets/Co_Driver_RBR_Deutsch_Bollinger_V1.1_22-12-03/David_Bollinger_(CH)/Deutsch Numerisch - Nummer zuerst/Plugins/Pacenote/sounds/DavidBollinger
3001,PACENOTE,90_LINKS,90 Links*,90_left.ogg,1,,pacenotes/Rbr.ini/packages/Numeric.ini/corners/Numeric.ini,assets/Co_Driver_RBR_Deutsch_Bollinger_V1.1_22-12-03/David_Bollinger_(CH)/Deutsch Numerisch - Nummer zuerst/Plugins/Pacenote/sounds/DavidBollinger
3010,PACENOTE,90_RECHTS,90 Rechts*,90_right.ogg,1,,pacenotes/Rbr.ini/packages/Numeric.ini/corners/Numeric.ini,assets/Co_Driver_RBR_Deutsch_Bollinger_V1.1_22-12-03/David_Bollinger_(CH)/Deutsch Numerisch - Nummer zuerst/Plugins/Pacenote/sounds/DavidBollinger
