id,type,category,name,translation,file,sounds,error,ini,file_src_dir,translation-new
149,PACENOTE,LINKS,10,10,10.ogg,4,,pacenotes/Rbr.ini/packages/Extended.ini/links/Extended.ini,assets/Jannemod V3 - Public test_v1.1/English/English Numeric A/Plugins/Pacenote/sounds/Janne Laahanen EnNu A,zehn
150,PACENOTE,LINKS,20,20,20.ogg,4,,pacenotes/Rbr.ini/packages/Extended.ini/links/Extended.ini,assets/Jannemod V3 - Public test_v1.1/English/English Numeric A/Plugins/Pacenote/sounds/Janne Laahanen EnNu A,zwanzig
213,PACENOTE,LINE,NA_KEEP_CENTRE,Keskeltä (N/A),keepmiddle.ogg,2,,pacenotes/Rbr.ini/packages/Extended.ini/line/Extended.ini,assets/Jannemod V3 - Public test_v1.1/English/English Numeric A/Plugins/Pacenote/sounds/Janne Laahanen EnNu A,
323,PACENOTE,SURFACE,COBBLES,Cobbles,cobble.ogg,2,,pacenotes/Rbr.ini/packages/Extended.ini/surface/Extended.ini,assets/Jannemod V3 - Public test_v1.1/English/English Numeric A/Plugins/Pacenote/sounds/Janne Laahanen EnNu A,Pflaster
362,PACENOTE,OBSTACLES,DROPS,Drops,,2,,pacenotes/Rbr.ini/packages/Extended.ini/obstacles/Extended.ini,assets/Jannemod V3 - Public test_v1.1/English/English Numeric A/Plugins/Pacenote/sounds/Janne Laahanen EnNu A,Fällt ab
367,PACENOTE,ADDITIONAL,NIU_NEGATIVE_CAMBER,Bad Camber (NIU),bad_camber.ogg,2,,pacenotes/Rbr.ini/packages/Extended.ini/additional/Extended.ini,assets/Jannemod V3 - Public test_v1.1/English/English Numeric A/Plugins/Pacenote/sounds/Janne Laahanen EnNu A,
368,PACENOTE,ADDITIONAL,NIU_POSITIVE_CAMBER,Camber (NIU),camber.ogg,2,,pacenotes/Rbr.ini/packages/Extended.ini/additional/Extended.ini,assets/Jannemod V3 - Public test_v1.1/English/English Numeric A/Plugins/Pacenote/sounds/Janne Laahanen EnNu A,Fällt Innen
369,PACENOTE,OBSTACLES,NIU_COMPRESSION,Dip (NIU),dip.ogg,2,,pacenotes/Rbr.ini/packages/Extended.ini/obstacles/Extended.ini,assets/Jannemod V3 - Public test_v1.1/English/English Numeric A/Plugins/Pacenote/sounds/Janne Laahanen EnNu A,Kompression
390,PACENOTE,OBSTACLES,NA_NETTING,Netting (N/A),,1,Not found: netting.ogg,pacenotes/Rbr.ini/packages/Extended.ini/obstacles/Extended.ini,assets/Jannemod V3 - Public test_v1.1/English/English Numeric A/Plugins/Pacenote/sounds/Janne Laahanen EnNu A,Netze
391,PACENOTE,OBSTACLES,NA_TAPE,Tape (N/A),,1,Not found: tape.ogg,pacenotes/Rbr.ini/packages/Extended.ini/obstacles/Extended.ini,assets/Jannemod V3 - Public test_v1.1/English/English Numeric A/Plugins/Pacenote/sounds/Janne Laahanen EnNu A,Flatterband
394,PACENOTE,OBSTACLES,NA_TYRES,Tyres (N/A),,1,Not found: tyres.ogg,pacenotes/Rbr.ini/packages/Extended.ini/obstacles/Extended.ini,assets/Jannemod V3 - Public test_v1.1/English/English Numeric A/Plugins/Pacenote/sounds/Janne Laahanen EnNu A,Reifen
395,PACENOTE,OBSTACLES,NA_SPECTATORS,Spectators (N/A),,1,Not found: spectators.ogg,pacenotes/Rbr.ini/packages/Extended.ini/obstacles/Extended.ini,assets/Jannemod V3 - Public test_v1.1/English/English Numeric A/Plugins/Pacenote/sounds/Janne Laahanen EnNu A,Zuschauer
396,PACENOTE,OBSTACLES,NA_MARSHALLS,Marshalls (N/A),,1,Not found: marshalls.ogg,pacenotes/Rbr.ini/packages/Extended.ini/obstacles/Extended.ini,assets/Jannemod V3 - Public test_v1.1/English/English Numeric A/Plugins/Pacenote/sounds/Janne Laahanen EnNu A,Marshalls
397,PACENOTE,OBSTACLES,NA_BARRELS,Barrels (N/A),,1,Not found: barrels.ogg,pacenotes/Rbr.ini/packages/Extended.ini/obstacles/Extended.ini,assets/Jannemod V3 - Public test_v1.1/English/English Numeric A/Plugins/Pacenote/sounds/Janne Laahanen EnNu A,Fässer
413,PACENOTE,PREPOSITIONS,NA_THEN,Then (N/A),,1,Not found: then.ogg,pacenotes/Rbr.ini/packages/Extended.ini/prepositions/Extended.ini,assets/Jannemod V3 - Public test_v1.1/English/English Numeric A/Plugins/Pacenote/sounds/Janne Laahanen EnNu A,
414,PACENOTE,PREPOSITIONS,NA_OFF,Off (N/A),,1,Not found: off.ogg,pacenotes/Rbr.ini/packages/Extended.ini/prepositions/Extended.ini,assets/Jannemod V3 - Public test_v1.1/English/English Numeric A/Plugins/Pacenote/sounds/Janne Laahanen EnNu A,Aus
435,PACENOTE,LINKS,NEXT_LAP,Onto Next Lap,,4,,pacenotes/Rbr.ini/packages/Extended.ini/links/Extended.ini,assets/Jannemod V3 - Public test_v1.1/English/English Numeric A/Plugins/Pacenote/sounds/Janne Laahanen EnNu A,Nächste Runde
436,PACENOTE,LINKS,TAKE_EXIT,Onto Finish,onto_finish.ogg,4,,pacenotes/Rbr.ini/packages/Extended.ini/links/Extended.ini,assets/Jannemod V3 - Public test_v1.1/English/English Numeric A/Plugins/Pacenote/sounds/Janne Laahanen EnNu A,Zum Ziel
543,PACENOTE,SURFACE,ONTO_COBBLES,Onto Cobbles,onto_cobble.ogg,2,,pacenotes/Rbr.ini/packages/Extended.ini/surface/Extended.ini,assets/Jannemod V3 - Public test_v1.1/English/English Numeric A/Plugins/Pacenote/sounds/Janne Laahanen EnNu A,Auf Pflaster
2014,PACENOTE,ADJECTIVES,TOHP,_Hairpin,in_hairpin.ogg,3,,pacenotes/Rbr.ini/packages/Extended.ini/adjectives/Extended.ini,assets/Jannemod V3 - Public test_v1.1/English/English Numeric A/Plugins/Pacenote/sounds/Janne Laahanen EnNu A,In Kehre
2016,PACENOTE,LINE,DONTCUTEARLY,Don't Early,dontcut_early.ogg,2,,pacenotes/Rbr.ini/packages/Extended.ini/line/Extended.ini,assets/Jannemod V3 - Public test_v1.1/English/English Numeric A/Plugins/Pacenote/sounds/Janne Laahanen EnNu A,Nicht Früh Schneiden
2017,PACENOTE,LINE,DONTCUTLATE,Don't Late,dontcut_late.ogg,2,,pacenotes/Rbr.ini/packages/Extended.ini/line/Extended.ini,assets/Jannemod V3 - Public test_v1.1/English/English Numeric A/Plugins/Pacenote/sounds/Janne Laahanen EnNu A,Nicht Spät Schneiden
2020,PACENOTE,LINE,NIU_HANG,,keep_out.ogg,2,,pacenotes/Rbr.ini/packages/Extended.ini/line/Extended.ini,assets/Jannemod V3 - Public test_v1.1/English/English Numeric A/Plugins/Pacenote/sounds/Janne Laahanen EnNu A,Einhängen
2023,PACENOTE,LINE,NIU_HAE,Hae (NIU),wideout.ogg,2,,pacenotes/Rbr.ini/packages/Extended.ini/line/Extended.ini,assets/Jannemod V3 - Public test_v1.1/English/English Numeric A/Plugins/Pacenote/sounds/Janne Laahanen EnNu A,Einfahrt Breit
2024,PACENOTE,OBSTACLES,TODIP,To Dip,in_dip.ogg,2,,pacenotes/Rbr.ini/packages/Extended.ini/obstacles/Extended.ini,assets/Jannemod V3 - Public test_v1.1/English/English Numeric A/Plugins/Pacenote/sounds/Janne Laahanen EnNu A,In Kuhle
2025,PACENOTE,LINKS,NIU_JATKUU,And (NIU),and.ogg,4,,pacenotes/Rbr.ini/packages/Extended.ini/links/Extended.ini,assets/Jannemod V3 - Public test_v1.1/English/English Numeric A/Plugins/Pacenote/sounds/Janne Laahanen EnNu A,Und
2030,PACENOTE,LINKS,IMMEDIATE,Immediate,directly.ogg,4,,pacenotes/Rbr.ini/packages/Extended.ini/links/Extended.ini,assets/Jannemod V3 - Public test_v1.1/English/English Numeric A/Plugins/Pacenote/sounds/Janne Laahanen EnNu A,Sofort
2038,PACENOTE,ADDITIONAL,SCALEPLUS,Scale Plus,,2,,pacenotes/Rbr.ini/packages/Extended.ini/additional/Extended.ini,assets/Jannemod V3 - Public test_v1.1/English/English Numeric A/Plugins/Pacenote/sounds/Janne Laahanen EnNu A,Skala Plus
2039,PACENOTE,ADDITIONAL,SCALEMINUS,Scale Minus,,2,,pacenotes/Rbr.ini/packages/Extended.ini/additional/Extended.ini,assets/Jannemod V3 - Public test_v1.1/English/English Numeric A/Plugins/Pacenote/sounds/Janne Laahanen EnNu A,Skala Minus
2048,PACENOTE,DRIVING,WALK,Walk,,2,,pacenotes/Rbr.ini/packages/Extended.ini/driving/Extended.ini,assets/Jannemod V3 - Public test_v1.1/English/English Numeric A/Plugins/Pacenote/sounds/Janne Laahanen EnNu A,Schritt Fahren
2049,PACENOTE,DRIVING,NEAT,Neat,care.ogg,2,,pacenotes/Rbr.ini/packages/Extended.ini/driving/Extended.ini,assets/Jannemod V3 - Public test_v1.1/English/English Numeric A/Plugins/Pacenote/sounds/Janne Laahanen EnNu A,Vorsichtig
2085,PACENOTE,ADDITIONAL,REMEMBER,Remember,,2,,pacenotes/Rbr.ini/packages/Extended.ini/additional/Extended.ini,assets/Jannemod V3 - Public test_v1.1/English/English Numeric A/Plugins/Pacenote/sounds/Janne Laahanen EnNu A,Merken
2086,PACENOTE,ADDITIONAL,PATIENT,Patient,,2,,pacenotes/Rbr.ini/packages/Extended.ini/additional/Extended.ini,assets/Jannemod V3 - Public test_v1.1/English/English Numeric A/Plugins/Pacenote/sounds/Janne Laahanen EnNu A,Geduld
2087,PACENOTE,OBSTACLES,SMALL_JUMP,Small Jump,jump_small.ogg,2,,pacenotes/Rbr.ini/packages/Extended.ini/obstacles/Extended.ini,assets/Jannemod V3 - Public test_v1.1/English/English Numeric A/Plugins/Pacenote/sounds/Janne Laahanen EnNu A,Kleiner Sprung
2088,PACENOTE,OBSTACLES,OVER_BIG_JUMP,Over Big Jump,jump_big.ogg,2,,pacenotes/Rbr.ini/packages/Extended.ini/obstacles/Extended.ini,assets/Jannemod V3 - Public test_v1.1/English/English Numeric A/Plugins/Pacenote/sounds/Janne Laahanen EnNu A,Über Großen Sprung
2089,PACENOTE,OBSTACLES,CONTINUESOVERSMALLCREST,Continues Over Small Crest,continuesovercrest_small.ogg,2,,pacenotes/Rbr.ini/packages/Extended.ini/obstacles/Extended.ini,assets/Jannemod V3 - Public test_v1.1/English/English Numeric A/Plugins/Pacenote/sounds/Janne Laahanen EnNu A,Zieht Über Kleine Kuppe
2090,PACENOTE,OBSTACLES,LONGCREST,Long Crest,long_crest.ogg,2,,pacenotes/Rbr.ini/packages/Extended.ini/obstacles/Extended.ini,assets/Jannemod V3 - Public test_v1.1/English/English Numeric A/Plugins/Pacenote/sounds/Janne Laahanen EnNu A,Lange Kuppe
2091,PACENOTE,OBSTACLES,RUT,Rut,ruts.ogg,2,,pacenotes/Rbr.ini/packages/Extended.ini/obstacles/Extended.ini,assets/Jannemod V3 - Public test_v1.1/English/English Numeric A/Plugins/Pacenote/sounds/Janne Laahanen EnNu A,Rille
2092,PACENOTE,OBSTACLES,TO_BUMP,(Jump) To Bump,onto_bump.ogg,2,,pacenotes/Rbr.ini/packages/Extended.ini/obstacles/Extended.ini,assets/Jannemod V3 - Public test_v1.1/English/English Numeric A/Plugins/Pacenote/sounds/Janne Laahanen EnNu A,Auf Schlag
2093,PACENOTE,LINE,TWISTY_FROMLEFT,Twisty From Left,twisty_left.ogg,2,,pacenotes/Rbr.ini/packages/Extended.ini/line/Extended.ini,assets/Jannemod V3 - Public test_v1.1/English/English Numeric A/Plugins/Pacenote/sounds/Janne Laahanen EnNu A,Schlenker Von Links
2094,PACENOTE,LINE,TWISTY_FROMRIGHT,Twisty From Right,twisty_right.ogg,2,,pacenotes/Rbr.ini/packages/Extended.ini/line/Extended.ini,assets/Jannemod V3 - Public test_v1.1/English/English Numeric A/Plugins/Pacenote/sounds/Janne Laahanen EnNu A,Schlenker Von Rechts
2095,PACENOTE,LINE,DONTBLOCK,Post,post.ogg,2,,pacenotes/Rbr.ini/packages/Extended.ini/line/Extended.ini,assets/Jannemod V3 - Public test_v1.1/English/English Numeric A/Plugins/Pacenote/sounds/Janne Laahanen EnNu A,Pfosten
2096,PACENOTE,LINE,GRIP_MIDDLE,Grip Middle,grip_keepmiddle.ogg,2,,pacenotes/Rbr.ini/packages/Extended.ini/line/Extended.ini,assets/Jannemod V3 - Public test_v1.1/English/English Numeric A/Plugins/Pacenote/sounds/Janne Laahanen EnNu A,Grip Mittig
2097,PACENOTE,LINE,GRIP_IN,Grip In,grip_inside.ogg,2,,pacenotes/Rbr.ini/packages/Extended.ini/line/Extended.ini,assets/Jannemod V3 - Public test_v1.1/English/English Numeric A/Plugins/Pacenote/sounds/Janne Laahanen EnNu A,Grip Innen
2098,PACENOTE,LINE,GRIP_OUT,Grip Out,grip_outside.ogg,2,,pacenotes/Rbr.ini/packages/Extended.ini/line/Extended.ini,assets/Jannemod V3 - Public test_v1.1/English/English Numeric A/Plugins/Pacenote/sounds/Janne Laahanen EnNu A,Grip Außen
2099,PACENOTE,LINE,GO_ROUND,Go Round,round.ogg,2,,pacenotes/Rbr.ini/packages/Extended.ini/line/Extended.ini,assets/Jannemod V3 - Public test_v1.1/English/English Numeric A/Plugins/Pacenote/sounds/Janne Laahanen EnNu A,Rund Fahren
2100,PACENOTE,LINE,FROM_LEFT,From Left,at_left.ogg,2,,pacenotes/Rbr.ini/packages/Extended.ini/line/Extended.ini,assets/Jannemod V3 - Public test_v1.1/English/English Numeric A/Plugins/Pacenote/sounds/Janne Laahanen EnNu A,Von Links
2101,PACENOTE,LINE,FROM_RIGHT,From Right,at_right.ogg,2,,pacenotes/Rbr.ini/packages/Extended.ini/line/Extended.ini,assets/Jannemod V3 - Public test_v1.1/English/English Numeric A/Plugins/Pacenote/sounds/Janne Laahanen EnNu A,Von Rechts
2102,PACENOTE,ADDITIONAL,DOUBLE,Double,very.ogg,2,,pacenotes/Rbr.ini/packages/Extended.ini/additional/Extended.ini,assets/Jannemod V3 - Public test_v1.1/English/English Numeric A/Plugins/Pacenote/sounds/Janne Laahanen EnNu A,Doppelt
2103,PACENOTE,ADDITIONAL,HALF_LONG,Halflong,half_long.ogg,3,,pacenotes/Rbr.ini/packages/Extended.ini/additional/Extended.ini,assets/Jannemod V3 - Public test_v1.1/English/English Numeric A/Plugins/Pacenote/sounds/Janne Laahanen EnNu A,Halblang
2105,PACENOTE,LINKS,TO_FINISH,To Finish,until_finish.ogg,4,,pacenotes/Rbr.ini/packages/Extended.ini/links/Extended.ini,assets/Jannemod V3 - Public test_v1.1/English/English Numeric A/Plugins/Pacenote/sounds/Janne Laahanen EnNu A,Ins Ziel
2107,PACENOTE,OBSTACLES,JUMP_DAB,Jump Dab,jump_brake.ogg,2,,pacenotes/Rbr.ini/packages/Extended.ini/obstacles/Extended.ini,assets/Jannemod V3 - Public test_v1.1/English/English Numeric A/Plugins/Pacenote/sounds/Janne Laahanen EnNu A,Sprung anbremsen
2110,PACENOTE,LINKS,DIST21,21,,4,,pacenotes/Rbr.ini/packages/Extended.ini/links/Extended.ini,assets/Jannemod V3 - Public test_v1.1/English/English Numeric A/Plugins/Pacenote/sounds/Janne Laahanen EnNu A,einundzwanzig
2111,PACENOTE,LINKS,DIST31,31,,4,,pacenotes/Rbr.ini/packages/Extended.ini/links/Extended.ini,assets/Jannemod V3 - Public test_v1.1/English/English Numeric A/Plugins/Pacenote/sounds/Janne Laahanen EnNu A,einunddreißig
2112,PACENOTE,LINKS,DIST41,41,,4,,pacenotes/Rbr.ini/packages/Extended.ini/links/Extended.ini,assets/Jannemod V3 - Public test_v1.1/English/English Numeric A/Plugins/Pacenote/sounds/Janne Laahanen EnNu A,einundvierzig
2113,PACENOTE,LINKS,DIST51,51,,4,,pacenotes/Rbr.ini/packages/Extended.ini/links/Extended.ini,assets/Jannemod V3 - Public test_v1.1/English/English Numeric A/Plugins/Pacenote/sounds/Janne Laahanen EnNu A,einundfünfzig
2114,PACENOTE,LINKS,DIST61,61,,4,,pacenotes/Rbr.ini/packages/Extended.ini/links/Extended.ini,assets/Jannemod V3 - Public test_v1.1/English/English Numeric A/Plugins/Pacenote/sounds/Janne Laahanen EnNu A,einundsechzig
2115,PACENOTE,LINKS,DIST71,71,,4,,pacenotes/Rbr.ini/packages/Extended.ini/links/Extended.ini,assets/Jannemod V3 - Public test_v1.1/English/English Numeric A/Plugins/Pacenote/sounds/Janne Laahanen EnNu A,einundsiebzig
2116,PACENOTE,LINKS,DIST81,81,,4,,pacenotes/Rbr.ini/packages/Extended.ini/links/Extended.ini,assets/Jannemod V3 - Public test_v1.1/English/English Numeric A/Plugins/Pacenote/sounds/Janne Laahanen EnNu A,einundachtzig
2117,PACENOTE,LINKS,DIST101,101,,4,,pacenotes/Rbr.ini/packages/Extended.ini/links/Extended.ini,assets/Jannemod V3 - Public test_v1.1/English/English Numeric A/Plugins/Pacenote/sounds/Janne Laahanen EnNu A,einhunderteins
2118,PACENOTE,LINKS,DIST121,121,,4,,pacenotes/Rbr.ini/packages/Extended.ini/links/Extended.ini,assets/Jannemod V3 - Public test_v1.1/English/English Numeric A/Plugins/Pacenote/sounds/Janne Laahanen EnNu A,einhunderteinundzwanzig
2119,PACENOTE,LINKS,DIST141,141,,4,,pacenotes/Rbr.ini/packages/Extended.ini/links/Extended.ini,assets/Jannemod V3 - Public test_v1.1/English/English Numeric A/Plugins/Pacenote/sounds/Janne Laahanen EnNu A,einhunderteinundvierzig
2120,PACENOTE,LINKS,DIST151,151,,4,,pacenotes/Rbr.ini/packages/Extended.ini/links/Extended.ini,assets/Jannemod V3 - Public test_v1.1/English/English Numeric A/Plugins/Pacenote/sounds/Janne Laahanen EnNu A,einhunderteinundfünfzig
2121,PACENOTE,LINKS,DIST161,161,,4,,pacenotes/Rbr.ini/packages/Extended.ini/links/Extended.ini,assets/Jannemod V3 - Public test_v1.1/English/English Numeric A/Plugins/Pacenote/sounds/Janne Laahanen EnNu A,einhunderteinundsechzig
2122,PACENOTE,LINKS,DIST181,181,,4,,pacenotes/Rbr.ini/packages/Extended.ini/links/Extended.ini,assets/Jannemod V3 - Public test_v1.1/English/English Numeric A/Plugins/Pacenote/sounds/Janne Laahanen EnNu A,einhunderteinundachtzig
2123,PACENOTE,LINKS,DIST201,201,,4,,pacenotes/Rbr.ini/packages/Extended.ini/links/Extended.ini,assets/Jannemod V3 - Public test_v1.1/English/English Numeric A/Plugins/Pacenote/sounds/Janne Laahanen EnNu A,zweihunderteins
2124,PACENOTE,LINKS,DIST251,251,,4,,pacenotes/Rbr.ini/packages/Extended.ini/links/Extended.ini,assets/Jannemod V3 - Public test_v1.1/English/English Numeric A/Plugins/Pacenote/sounds/Janne Laahanen EnNu A,zweihunderteinundfünfzig
2125,PACENOTE,LINKS,DIST301,301,,4,,pacenotes/Rbr.ini/packages/Extended.ini/links/Extended.ini,assets/Jannemod V3 - Public test_v1.1/English/English Numeric A/Plugins/Pacenote/sounds/Janne Laahanen EnNu A,dreihunderteins
2126,PACENOTE,LINKS,DIST351,351,,4,,pacenotes/Rbr.ini/packages/Extended.ini/links/Extended.ini,assets/Jannemod V3 - Public test_v1.1/English/English Numeric A/Plugins/Pacenote/sounds/Janne Laahanen EnNu A,dreihunderteinundfünfzig
2127,PACENOTE,LINKS,DIST401,401,,4,,pacenotes/Rbr.ini/packages/Extended.ini/links/Extended.ini,assets/Jannemod V3 - Public test_v1.1/English/English Numeric A/Plugins/Pacenote/sounds/Janne Laahanen EnNu A,vierhunderteins
2128,PACENOTE,LINKS,DIST451,451,,4,,pacenotes/Rbr.ini/packages/Extended.ini/links/Extended.ini,assets/Jannemod V3 - Public test_v1.1/English/English Numeric A/Plugins/Pacenote/sounds/Janne Laahanen EnNu A,vierhunderteinundfünfzig
2129,PACENOTE,LINKS,DIST501,501,,4,,pacenotes/Rbr.ini/packages/Extended.ini/links/Extended.ini,assets/Jannemod V3 - Public test_v1.1/English/English Numeric A/Plugins/Pacenote/sounds/Janne Laahanen EnNu A,fünfhunderteins
2130,PACENOTE,LINKS,DIST601,601,,4,,pacenotes/Rbr.ini/packages/Extended.ini/links/Extended.ini,assets/Jannemod V3 - Public test_v1.1/English/English Numeric A/Plugins/Pacenote/sounds/Janne Laahanen EnNu A,sechshunderteins
2131,PACENOTE,LINKS,DIST701,701,,4,,pacenotes/Rbr.ini/packages/Extended.ini/links/Extended.ini,assets/Jannemod V3 - Public test_v1.1/English/English Numeric A/Plugins/Pacenote/sounds/Janne Laahanen EnNu A,siebenhunderteins
2132,PACENOTE,LINKS,DIST801,801,,4,,pacenotes/Rbr.ini/packages/Extended.ini/links/Extended.ini,assets/Jannemod V3 - Public test_v1.1/English/English Numeric A/Plugins/Pacenote/sounds/Janne Laahanen EnNu A,achthunderteins
2133,PACENOTE,LINKS,DIST901,901,,4,,pacenotes/Rbr.ini/packages/Extended.ini/links/Extended.ini,assets/Jannemod V3 - Public test_v1.1/English/English Numeric A/Plugins/Pacenote/sounds/Janne Laahanen EnNu A,neunhunderteins
2134,PACENOTE,LINKS,DIST1001,1001,,4,,pacenotes/Rbr.ini/packages/Extended.ini/links/Extended.ini,assets/Jannemod V3 - Public test_v1.1/English/English Numeric A/Plugins/Pacenote/sounds/Janne Laahanen EnNu A,eintausendeins
2135,PACENOTE,CONSTRUCTION,BALE_IN,Bale In,,2,,pacenotes/Rbr.ini/packages/Extended.ini/construction/Extended.ini,assets/Jannemod V3 - Public test_v1.1/English/English Numeric A/Plugins/Pacenote/sounds/Janne Laahanen EnNu A,Ballen Innen
2136,PACENOTE,CONSTRUCTION,BALE_OUT,Bale Out,,2,,pacenotes/Rbr.ini/packages/Extended.ini/construction/Extended.ini,assets/Jannemod V3 - Public test_v1.1/English/English Numeric A/Plugins/Pacenote/sounds/Janne Laahanen EnNu A,Ballen Außen
2137,PACENOTE,CONSTRUCTION,TIRES_IN,Tires In,,2,,pacenotes/Rbr.ini/packages/Extended.ini/construction/Extended.ini,assets/Jannemod V3 - Public test_v1.1/English/English Numeric A/Plugins/Pacenote/sounds/Janne Laahanen EnNu A,Reifen Innen
2138,PACENOTE,CONSTRUCTION,TIRES_OUT,Tires Out,,2,,pacenotes/Rbr.ini/packages/Extended.ini/construction/Extended.ini,assets/Jannemod V3 - Public test_v1.1/English/English Numeric A/Plugins/Pacenote/sounds/Janne Laahanen EnNu A,Reifen Außen
2139,PACENOTE,CONSTRUCTION,ROCK_IN,Stone In,rock_inside.ogg,2,,pacenotes/Rbr.ini/packages/Extended.ini/construction/Extended.ini,assets/Jannemod V3 - Public test_v1.1/English/English Numeric A/Plugins/Pacenote/sounds/Janne Laahanen EnNu A,Stein Innen
2140,PACENOTE,CONSTRUCTION,ROCK_OUT,Stone Out,rock_outside.ogg,2,,pacenotes/Rbr.ini/packages/Extended.ini/construction/Extended.ini,assets/Jannemod V3 - Public test_v1.1/English/English Numeric A/Plugins/Pacenote/sounds/Janne Laahanen EnNu A,Stein Außen
2141,PACENOTE,CONSTRUCTION,FENCE_IN,Fence In,,2,,pacenotes/Rbr.ini/packages/Extended.ini/construction/Extended.ini,assets/Jannemod V3 - Public test_v1.1/English/English Numeric A/Plugins/Pacenote/sounds/Janne Laahanen EnNu A,Zaun Innen
2142,PACENOTE,CONSTRUCTION,FENCE_OUT,Fence Out,,2,,pacenotes/Rbr.ini/packages/Extended.ini/construction/Extended.ini,assets/Jannemod V3 - Public test_v1.1/English/English Numeric A/Plugins/Pacenote/sounds/Janne Laahanen EnNu A,Zaun Außen
2143,PACENOTE,CONSTRUCTION,TREE_IN,Tree In,tree_inside.ogg,2,,pacenotes/Rbr.ini/packages/Extended.ini/construction/Extended.ini,assets/Jannemod V3 - Public test_v1.1/English/English Numeric A/Plugins/Pacenote/sounds/Janne Laahanen EnNu A,Baum Innen
2144,PACENOTE,CONSTRUCTION,TREE_OUT,Tree Out,tree_outside.ogg,2,,pacenotes/Rbr.ini/packages/Extended.ini/construction/Extended.ini,assets/Jannemod V3 - Public test_v1.1/English/English Numeric A/Plugins/Pacenote/sounds/Janne Laahanen EnNu A,Baum Außen
2145,PACENOTE,CONSTRUCTION,DITCH_IN,Ditch In,ditch_inside.ogg,2,,pacenotes/Rbr.ini/packages/Extended.ini/construction/Extended.ini,assets/Jannemod V3 - Public test_v1.1/English/English Numeric A/Plugins/Pacenote/sounds/Janne Laahanen EnNu A,Graben Innen
2146,PACENOTE,CONSTRUCTION,DITCH_OUT,Ditch Out,ditch_outside.ogg,2,,pacenotes/Rbr.ini/packages/Extended.ini/construction/Extended.ini,assets/Jannemod V3 - Public test_v1.1/English/English Numeric A/Plugins/Pacenote/sounds/Janne Laahanen EnNu A,Graben Außen
2147,PACENOTE,CONSTRUCTION,DROP_IN,Drop In,,2,,pacenotes/Rbr.ini/packages/Extended.ini/construction/Extended.ini,assets/Jannemod V3 - Public test_v1.1/English/English Numeric A/Plugins/Pacenote/sounds/Janne Laahanen EnNu A,Uneben Innen
2148,PACENOTE,CONSTRUCTION,DROP_OUT,Drop Out,,2,,pacenotes/Rbr.ini/packages/Extended.ini/construction/Extended.ini,assets/Jannemod V3 - Public test_v1.1/English/English Numeric A/Plugins/Pacenote/sounds/Janne Laahanen EnNu A,Uneben Außen
2149,PACENOTE,CONSTRUCTION,HOUSE_IN,House In,house_inside.ogg,2,,pacenotes/Rbr.ini/packages/Extended.ini/construction/Extended.ini,assets/Jannemod V3 - Public test_v1.1/English/English Numeric A/Plugins/Pacenote/sounds/Janne Laahanen EnNu A,Haus Innen
2150,PACENOTE,CONSTRUCTION,HOUSE_OUT,House Out,house_outside.ogg,2,,pacenotes/Rbr.ini/packages/Extended.ini/construction/Extended.ini,assets/Jannemod V3 - Public test_v1.1/English/English Numeric A/Plugins/Pacenote/sounds/Janne Laahanen EnNu A,Haus Außen
2151,PACENOTE,CONSTRUCTION,NIU_BARRIER_IN,Fence In (NIU),fence_inside.ogg,2,,pacenotes/Rbr.ini/packages/Extended.ini/construction/Extended.ini,assets/Jannemod V3 - Public test_v1.1/English/English Numeric A/Plugins/Pacenote/sounds/Janne Laahanen EnNu A,Schranke Innen
2152,PACENOTE,CONSTRUCTION,NIU_BARRIER_OUT,Fence Out (NIU),fence_outside.ogg,2,,pacenotes/Rbr.ini/packages/Extended.ini/construction/Extended.ini,assets/Jannemod V3 - Public test_v1.1/English/English Numeric A/Plugins/Pacenote/sounds/Janne Laahanen EnNu A,Schranke Außen
2153,PACENOTE,CONSTRUCTION,SIGN_IN,Sign In,sign_inside.ogg,2,,pacenotes/Rbr.ini/packages/Extended.ini/construction/Extended.ini,assets/Jannemod V3 - Public test_v1.1/English/English Numeric A/Plugins/Pacenote/sounds/Janne Laahanen EnNu A,Schild Innen
2154,PACENOTE,CONSTRUCTION,SIGN_OUT,Sign Out,sign_outside.ogg,2,,pacenotes/Rbr.ini/packages/Extended.ini/construction/Extended.ini,assets/Jannemod V3 - Public test_v1.1/English/English Numeric A/Plugins/Pacenote/sounds/Janne Laahanen EnNu A,Schild Außen
2155,PACENOTE,CONSTRUCTION,POST_IN,Post In,post_inside.ogg,2,,pacenotes/Rbr.ini/packages/Extended.ini/construction/Extended.ini,assets/Jannemod V3 - Public test_v1.1/English/English Numeric A/Plugins/Pacenote/sounds/Janne Laahanen EnNu A,Pfosten Innen
2156,PACENOTE,CONSTRUCTION,POST_OUT,Post Out,post_outside.ogg,2,,pacenotes/Rbr.ini/packages/Extended.ini/construction/Extended.ini,assets/Jannemod V3 - Public test_v1.1/English/English Numeric A/Plugins/Pacenote/sounds/Janne Laahanen EnNu A,Pfosten Außen
2157,PACENOTE,CONSTRUCTION,LOG_IN,Log In,,2,,pacenotes/Rbr.ini/packages/Extended.ini/construction/Extended.ini,assets/Jannemod V3 - Public test_v1.1/English/English Numeric A/Plugins/Pacenote/sounds/Janne Laahanen EnNu A,Stamm Innen
2158,PACENOTE,CONSTRUCTION,LOG_OUT,Log Out,,2,,pacenotes/Rbr.ini/packages/Extended.ini/construction/Extended.ini,assets/Jannemod V3 - Public test_v1.1/English/English Numeric A/Plugins/Pacenote/sounds/Janne Laahanen EnNu A,Stamm Außen
2159,PACENOTE,LINE,CUT_THROUGH,Cut Through,,2,,pacenotes/Rbr.ini/packages/Extended.ini/line/Extended.ini,assets/Jannemod V3 - Public test_v1.1/English/English Numeric A/Plugins/Pacenote/sounds/Janne Laahanen EnNu A,Durchschneiden
2160,PACENOTE,PREPOSITIONS,AT_TREE,At Tree,at_tree.ogg,2,,pacenotes/Rbr.ini/packages/Extended.ini/prepositions/Extended.ini,assets/Jannemod V3 - Public test_v1.1/English/English Numeric A/Plugins/Pacenote/sounds/Janne Laahanen EnNu A,Bei Baum
2161,PACENOTE,PREPOSITIONS,AT_TREES,At Trees,,2,,pacenotes/Rbr.ini/packages/Extended.ini/prepositions/Extended.ini,assets/Jannemod V3 - Public test_v1.1/English/English Numeric A/Plugins/Pacenote/sounds/Janne Laahanen EnNu A,Bei Bäumen
2162,PACENOTE,PREPOSITIONS,AT_BALE,At Bale,,2,,pacenotes/Rbr.ini/packages/Extended.ini/prepositions/Extended.ini,assets/Jannemod V3 - Public test_v1.1/English/English Numeric A/Plugins/Pacenote/sounds/Janne Laahanen EnNu A,Bei Ballen
2163,PACENOTE,PREPOSITIONS,AT_ROCK,At Rock,at_rock.ogg,2,,pacenotes/Rbr.ini/packages/Extended.ini/prepositions/Extended.ini,assets/Jannemod V3 - Public test_v1.1/English/English Numeric A/Plugins/Pacenote/sounds/Janne Laahanen EnNu A,Bei Fels
2164,PACENOTE,PREPOSITIONS,AT_GUARDRAIL,At Guardrail,,2,,pacenotes/Rbr.ini/packages/Extended.ini/prepositions/Extended.ini,assets/Jannemod V3 - Public test_v1.1/English/English Numeric A/Plugins/Pacenote/sounds/Janne Laahanen EnNu A,Bei Leitplanke
2165,PACENOTE,PREPOSITIONS,AT_BANNER,At Banner,,2,,pacenotes/Rbr.ini/packages/Extended.ini/prepositions/Extended.ini,assets/Jannemod V3 - Public test_v1.1/English/English Numeric A/Plugins/Pacenote/sounds/Janne Laahanen EnNu A,Bei Banner
2166,PACENOTE,PREPOSITIONS,AT_TAPE,At Tape,,2,,pacenotes/Rbr.ini/packages/Extended.ini/prepositions/Extended.ini,assets/Jannemod V3 - Public test_v1.1/English/English Numeric A/Plugins/Pacenote/sounds/Janne Laahanen EnNu A,Bei Band
2167,PACENOTE,PREPOSITIONS,AT_FENCE,At Fence,,2,,pacenotes/Rbr.ini/packages/Extended.ini/prepositions/Extended.ini,assets/Jannemod V3 - Public test_v1.1/English/English Numeric A/Plugins/Pacenote/sounds/Janne Laahanen EnNu A,Bei Zaun
2168,PACENOTE,PREPOSITIONS,AT_FLAG,At Flag,,2,,pacenotes/Rbr.ini/packages/Extended.ini/prepositions/Extended.ini,assets/Jannemod V3 - Public test_v1.1/English/English Numeric A/Plugins/Pacenote/sounds/Janne Laahanen EnNu A,Bei Flagge
2169,PACENOTE,PREPOSITIONS,AT_HOUSE,At House,at_house.ogg,2,,pacenotes/Rbr.ini/packages/Extended.ini/prepositions/Extended.ini,assets/Jannemod V3 - Public test_v1.1/English/English Numeric A/Plugins/Pacenote/sounds/Janne Laahanen EnNu A,Bei Haus
2170,PACENOTE,PREPOSITIONS,AT_SIGN,At Sign,at_sign.ogg,2,,pacenotes/Rbr.ini/packages/Extended.ini/prepositions/Extended.ini,assets/Jannemod V3 - Public test_v1.1/English/English Numeric A/Plugins/Pacenote/sounds/Janne Laahanen EnNu A,Bei Schild
2171,PACENOTE,PREPOSITIONS,AT_POST,At Post,at_post.ogg,2,,pacenotes/Rbr.ini/packages/Extended.ini/prepositions/Extended.ini,assets/Jannemod V3 - Public test_v1.1/English/English Numeric A/Plugins/Pacenote/sounds/Janne Laahanen EnNu A,Bei Pfahl
2172,PACENOTE,PREPOSITIONS,AT_JUNCTION,At Junction,at_junction.ogg,2,,pacenotes/Rbr.ini/packages/Extended.ini/prepositions/Extended.ini,assets/Jannemod V3 - Public test_v1.1/English/English Numeric A/Plugins/Pacenote/sounds/Janne Laahanen EnNu A,Bei Kreuzung
2173,PACENOTE,PREPOSITIONS,AT_CREST,At Crest,at_crest.ogg,2,,pacenotes/Rbr.ini/packages/Extended.ini/prepositions/Extended.ini,assets/Jannemod V3 - Public test_v1.1/English/English Numeric A/Plugins/Pacenote/sounds/Janne Laahanen EnNu A,Bei Kuppe
2174,PACENOTE,PREPOSITIONS,AT_GATE,At Gate,,2,,pacenotes/Rbr.ini/packages/Extended.ini/prepositions/Extended.ini,assets/Jannemod V3 - Public test_v1.1/English/English Numeric A/Plugins/Pacenote/sounds/Janne Laahanen EnNu A,Bei Tor
2175,PACENOTE,PREPOSITIONS,AT_BRIDGE,At Bridge,at_bridge.ogg,2,,pacenotes/Rbr.ini/packages/Extended.ini/prepositions/Extended.ini,assets/Jannemod V3 - Public test_v1.1/English/English Numeric A/Plugins/Pacenote/sounds/Janne Laahanen EnNu A,Bei Brücke
2176,PACENOTE,CAUTIONS,BRAKE_INTO,Brake Into,brake_into.ogg,3,,pacenotes/Rbr.ini/packages/Extended.ini/cautions/Extended.ini,assets/Jannemod V3 - Public test_v1.1/English/English Numeric A/Plugins/Pacenote/sounds/Janne Laahanen EnNu A,Bremsen In
2177,PACENOTE,CAUTIONS,BRAKE_AND,Brake And,brake_and.ogg,3,,pacenotes/Rbr.ini/packages/Extended.ini/cautions/Extended.ini,assets/Jannemod V3 - Public test_v1.1/English/English Numeric A/Plugins/Pacenote/sounds/Janne Laahanen EnNu A,Bremsen Und
2178,PACENOTE,CAUTIONS,BRAKE_20,Brake 20,brake_in_20.ogg,3,,pacenotes/Rbr.ini/packages/Extended.ini/cautions/Extended.ini,assets/Jannemod V3 - Public test_v1.1/English/English Numeric A/Plugins/Pacenote/sounds/Janne Laahanen EnNu A,Bremsen In zwanzig
2179,PACENOTE,CAUTIONS,BRAKE_30,Brake 30,brake_in_30.ogg,3,,pacenotes/Rbr.ini/packages/Extended.ini/cautions/Extended.ini,assets/Jannemod V3 - Public test_v1.1/English/English Numeric A/Plugins/Pacenote/sounds/Janne Laahanen EnNu A,Bremsen In dreißig
2180,PACENOTE,CAUTIONS,BRAKE_40,Brake 40,brake_in_40.ogg,3,,pacenotes/Rbr.ini/packages/Extended.ini/cautions/Extended.ini,assets/Jannemod V3 - Public test_v1.1/English/English Numeric A/Plugins/Pacenote/sounds/Janne Laahanen EnNu A,Bremsen In vierzig
2181,PACENOTE,CAUTIONS,BRAKE_50,Brake 50,brake_in_50.ogg,3,,pacenotes/Rbr.ini/packages/Extended.ini/cautions/Extended.ini,assets/Jannemod V3 - Public test_v1.1/English/English Numeric A/Plugins/Pacenote/sounds/Janne Laahanen EnNu A,Bremsen In fünfzig
2182,PACENOTE,CAUTIONS,SLIPPY_BRAKING,Slippy Braking,,2,,pacenotes/Rbr.ini/packages/Extended.ini/cautions/Extended.ini,assets/Jannemod V3 - Public test_v1.1/English/English Numeric A/Plugins/Pacenote/sounds/Janne Laahanen EnNu A,Glatte Bremszone
2183,PACENOTE,CAUTIONS,SLIPPY_ENTRY,Slippy Entry,,2,,pacenotes/Rbr.ini/packages/Extended.ini/cautions/Extended.ini,assets/Jannemod V3 - Public test_v1.1/English/English Numeric A/Plugins/Pacenote/sounds/Janne Laahanen EnNu A,Einfahrt Glatt
2184,PACENOTE,CAUTIONS,SLIPPY_EXIT,Slippy Exit,,2,,pacenotes/Rbr.ini/packages/Extended.ini/cautions/Extended.ini,assets/Jannemod V3 - Public test_v1.1/English/English Numeric A/Plugins/Pacenote/sounds/Janne Laahanen EnNu A,Ausfahrt Glatt
2185,PACENOTE,ADDITIONAL,SUMPPU,Sumppu,sumppu.ogg,2,,pacenotes/Rbr.ini/packages/Extended.ini/additional/Extended.ini,assets/Jannemod V3 - Public test_v1.1/English/English Numeric A/Plugins/Pacenote/sounds/Janne Laahanen EnNu A,Quetscht
2186,PACENOTE,ADDITIONAL,WIDENS,Widens,,2,,pacenotes/Rbr.ini/packages/Extended.ini/additional/Extended.ini,assets/Jannemod V3 - Public test_v1.1/English/English Numeric A/Plugins/Pacenote/sounds/Janne Laahanen EnNu A,Weitet Sich
2187,PACENOTE,ADJECTIVES,TIGHTENSSUMPPU,Tightens Sumppu,tightens_sumppu.ogg,2,,pacenotes/Rbr.ini/packages/Extended.ini/adjectives/Extended.ini,assets/Jannemod V3 - Public test_v1.1/English/English Numeric A/Plugins/Pacenote/sounds/Janne Laahanen EnNu A,Quetscht
2188,PACENOTE,OBSTACLES,JUMP_MAYBE,Jump Maybe,,2,,pacenotes/Rbr.ini/packages/Extended.ini/obstacles/Extended.ini,assets/Jannemod V3 - Public test_v1.1/English/English Numeric A/Plugins/Pacenote/sounds/Janne Laahanen EnNu A,Sprung Vielleicht
2189,PACENOTE,OBSTACLES,OVER_SMALL_JUMP,Over Small Jump,,2,,pacenotes/Rbr.ini/packages/Extended.ini/obstacles/Extended.ini,assets/Jannemod V3 - Public test_v1.1/English/English Numeric A/Plugins/Pacenote/sounds/Janne Laahanen EnNu A,Über Kleinen Sprung
2190,PACENOTE,OBSTACLES,OVER_JUMP_DAB,Over Jump Dab,,2,,pacenotes/Rbr.ini/packages/Extended.ini/obstacles/Extended.ini,assets/Jannemod V3 - Public test_v1.1/English/English Numeric A/Plugins/Pacenote/sounds/Janne Laahanen EnNu A,Bremsen im Sprung
2191,PACENOTE,OBSTACLES,OVERSMALLCREST,Over Small Crest,over_small_crest.ogg,2,,pacenotes/Rbr.ini/packages/Extended.ini/obstacles/Extended.ini,assets/Jannemod V3 - Public test_v1.1/English/English Numeric A/Plugins/Pacenote/sounds/Janne Laahanen EnNu A,Über Kleine Kuppe
2192,PACENOTE,OBSTACLES,OVERLONGCREST,Over Long Crest,over_long_crest.ogg,2,,pacenotes/Rbr.ini/packages/Extended.ini/obstacles/Extended.ini,assets/Jannemod V3 - Public test_v1.1/English/English Numeric A/Plugins/Pacenote/sounds/Janne Laahanen EnNu A,Über Lange Kuppe
2193,PACENOTE,OBSTACLES,OVERTWOCRESTS,Over Two Crests,over_2_crest.ogg,2,,pacenotes/Rbr.ini/packages/Extended.ini/obstacles/Extended.ini,assets/Jannemod V3 - Public test_v1.1/English/English Numeric A/Plugins/Pacenote/sounds/Janne Laahanen EnNu A,Über Zwei Kuppen
2194,PACENOTE,OBSTACLES,OVERTHREECRESTS,Over Three Crests,over_3_crest.ogg,2,,pacenotes/Rbr.ini/packages/Extended.ini/obstacles/Extended.ini,assets/Jannemod V3 - Public test_v1.1/English/English Numeric A/Plugins/Pacenote/sounds/Janne Laahanen EnNu A,Über Drei Kuppen
2195,PACENOTE,OBSTACLES,DOUBLECREST,Double Crest,double_crest.ogg,2,,pacenotes/Rbr.ini/packages/Extended.ini/obstacles/Extended.ini,assets/Jannemod V3 - Public test_v1.1/English/English Numeric A/Plugins/Pacenote/sounds/Janne Laahanen EnNu A,Doppelte Kuppe
2196,PACENOTE,OBSTACLES,DOUBLE_JUMP,Double Jump,,2,,pacenotes/Rbr.ini/packages/Extended.ini/obstacles/Extended.ini,assets/Jannemod V3 - Public test_v1.1/English/English Numeric A/Plugins/Pacenote/sounds/Janne Laahanen EnNu A,Doppelter Sprung
2197,PACENOTE,LINE,ONTO_STRAIGHT,Onto Straight,,2,,pacenotes/Rbr.ini/packages/Extended.ini/line/Extended.ini,assets/Jannemod V3 - Public test_v1.1/English/English Numeric A/Plugins/Pacenote/sounds/Janne Laahanen EnNu A,Gerade
2198,PACENOTE,PREPOSITIONS,AT_EXIT,At Exit,,2,,pacenotes/Rbr.ini/packages/Extended.ini/prepositions/Extended.ini,assets/Jannemod V3 - Public test_v1.1/English/English Numeric A/Plugins/Pacenote/sounds/Janne Laahanen EnNu A,Bei Ausfahrt
2199,PACENOTE,PREPOSITIONS,AT_OPENING,At Opening,,2,,pacenotes/Rbr.ini/packages/Extended.ini/prepositions/Extended.ini,assets/Jannemod V3 - Public test_v1.1/English/English Numeric A/Plugins/Pacenote/sounds/Janne Laahanen EnNu A,Wenn öffnet
2200,PACENOTE,CONSTRUCTION,LOGS_IN,Logs In,,2,,pacenotes/Rbr.ini/packages/Extended.ini/construction/Extended.ini,assets/Jannemod V3 - Public test_v1.1/English/English Numeric A/Plugins/Pacenote/sounds/Janne Laahanen EnNu A,Stämme Innen
2201,PACENOTE,CONSTRUCTION,LOGS_OUT,Logs Out,,2,,pacenotes/Rbr.ini/packages/Extended.ini/construction/Extended.ini,assets/Jannemod V3 - Public test_v1.1/English/English Numeric A/Plugins/Pacenote/sounds/Janne Laahanen EnNu A,Stämme Außen
2204,PACENOTE,CAUTIONS,SLIPPERY_MAYBE,Maybe Slippy,,2,,pacenotes/Rbr.ini/packages/Extended.ini/cautions/Extended.ini,assets/Jannemod V3 - Public test_v1.1/English/English Numeric A/Plugins/Pacenote/sounds/Janne Laahanen EnNu A,Wahrscheinlich Glatt
2205,PACENOTE,CORNERS,DONUT_RIGHT,Donut Right,,4,,pacenotes/Rbr.ini/packages/Descriptive.ini/corners/Descriptive.ini,assets/Jannemod V3 - Public test_v1.1/English/English Numeric A/Plugins/Pacenote/sounds/Janne Laahanen EnNu A,Donut Rechts
2206,PACENOTE,CORNERS,DONUT_LEFT,Donut Left,,4,,pacenotes/Rbr.ini/packages/Descriptive.ini/corners/Descriptive.ini,assets/Jannemod V3 - Public test_v1.1/English/English Numeric A/Plugins/Pacenote/sounds/Janne Laahanen EnNu A,Donut Links
2209,PACENOTE,ADDITIONAL,PAST_JUNCTION,Past Junction,,2,,pacenotes/Rbr.ini/packages/Extended.ini/additional/Extended.ini,assets/Jannemod V3 - Public test_v1.1/English/English Numeric A/Plugins/Pacenote/sounds/Janne Laahanen EnNu A,Nach Kreuzung
2210,PACENOTE,OBSTACLES,ONTO_BRIDGE,Onto Bridge,onto_bridge.ogg,2,,pacenotes/Rbr.ini/packages/Extended.ini/obstacles/Extended.ini,assets/Jannemod V3 - Public test_v1.1/English/English Numeric A/Plugins/Pacenote/sounds/Janne Laahanen EnNu A,Auf Brücke
2211,PACENOTE,OBSTACLES,NARROW_BRIDGE,Narrow Bridge,narrow_bridge.ogg,2,,pacenotes/Rbr.ini/packages/Extended.ini/obstacles/Extended.ini,assets/Jannemod V3 - Public test_v1.1/English/English Numeric A/Plugins/Pacenote/sounds/Janne Laahanen EnNu A,Schmale Brücke
2212,PACENOTE,OBSTACLES,ONTO_NARROW_BRIDGE,Onto Narrow Bridge,onto_bridge_narrow.ogg,2,,pacenotes/Rbr.ini/packages/Extended.ini/obstacles/Extended.ini,assets/Jannemod V3 - Public test_v1.1/English/English Numeric A/Plugins/Pacenote/sounds/Janne Laahanen EnNu A,Aus Schmale Brücke
2213,PACENOTE,OBSTACLES,THROUGH_GATE,Through Gate,,2,,pacenotes/Rbr.ini/packages/Extended.ini/obstacles/Extended.ini,assets/Jannemod V3 - Public test_v1.1/English/English Numeric A/Plugins/Pacenote/sounds/Janne Laahanen EnNu A,Durch Tor
2214,PACENOTE,OBSTACLES,NARROW_GATE,Narrow Gate,,2,,pacenotes/Rbr.ini/packages/Extended.ini/obstacles/Extended.ini,assets/Jannemod V3 - Public test_v1.1/English/English Numeric A/Plugins/Pacenote/sounds/Janne Laahanen EnNu A,Schmales Tor
2215,PACENOTE,OBSTACLES,THROUGH_NARROW_GATE,Through Narrow Gate,,2,,pacenotes/Rbr.ini/packages/Extended.ini/obstacles/Extended.ini,assets/Jannemod V3 - Public test_v1.1/English/English Numeric A/Plugins/Pacenote/sounds/Janne Laahanen EnNu A,Durch Schmales Tor
2216,PACENOTE,ADDITIONAL,EXTRAEXTRALONG,Very Very Long,,3,,pacenotes/Rbr.ini/packages/Extended.ini/additional/Extended.ini,assets/Jannemod V3 - Public test_v1.1/English/English Numeric A/Plugins/Pacenote/sounds/Janne Laahanen EnNu A,Sehr Sehr Lang
2217,PACENOTE,CAUTIONS,VERY_SLIPPY,Very Slippy,,2,,pacenotes/Rbr.ini/packages/Extended.ini/cautions/Extended.ini,assets/Jannemod V3 - Public test_v1.1/English/English Numeric A/Plugins/Pacenote/sounds/Janne Laahanen EnNu A,Sehr Glatt
2218,PACENOTE,PREPOSITIONS,AT_BUSH,At Bush,,2,,pacenotes/Rbr.ini/packages/Extended.ini/prepositions/Extended.ini,assets/Jannemod V3 - Public test_v1.1/English/English Numeric A/Plugins/Pacenote/sounds/Janne Laahanen EnNu A,Bei Busch
2219,PACENOTE,ADDITIONAL,BIG_SUMPPU,Big Sumppu,big_sumppu.ogg,2,,pacenotes/Rbr.ini/packages/Extended.ini/additional/Extended.ini,assets/Jannemod V3 - Public test_v1.1/English/English Numeric A/Plugins/Pacenote/sounds/Janne Laahanen EnNu A,Quetscht Stark
2220,PACENOTE,ADDITIONAL,SMALL_SUMPPU,Small Sumppu,small_sumppu.ogg,2,,pacenotes/Rbr.ini/packages/Extended.ini/additional/Extended.ini,assets/Jannemod V3 - Public test_v1.1/English/English Numeric A/Plugins/Pacenote/sounds/Janne Laahanen EnNu A,Quetscht Leicht
2221,PACENOTE,ADDITIONAL,ONTO_NARROWER_ROAD,Onto Narrower,,2,,pacenotes/Rbr.ini/packages/Extended.ini/additional/Extended.ini,assets/Jannemod V3 - Public test_v1.1/English/English Numeric A/Plugins/Pacenote/sounds/Janne Laahanen EnNu A,schmale Straße
2222,PACENOTE,ADDITIONAL,ONTO_WIDER_ROAD,Onto Wider,,2,,pacenotes/Rbr.ini/packages/Extended.ini/additional/Extended.ini,assets/Jannemod V3 - Public test_v1.1/English/English Numeric A/Plugins/Pacenote/sounds/Janne Laahanen EnNu A,breite Straße
2223,PACENOTE,DRIVING,LIFT,Lift,,2,,pacenotes/Rbr.ini/packages/Extended.ini/driving/Extended.ini,assets/Jannemod V3 - Public test_v1.1/English/English Numeric A/Plugins/Pacenote/sounds/Janne Laahanen EnNu A,Runter Vom Gas
2224,PACENOTE,LINKS,AGAIN,Again,,4,,pacenotes/Rbr.ini/packages/Extended.ini/links/Extended.ini,assets/Jannemod V3 - Public test_v1.1/English/English Numeric A/Plugins/Pacenote/sounds/Janne Laahanen EnNu A,Wieder
2225,PACENOTE,OBSTACLES,TO_CREST,To Crest,on_crest.ogg,2,,pacenotes/Rbr.ini/packages/Extended.ini/obstacles/Extended.ini,assets/Jannemod V3 - Public test_v1.1/English/English Numeric A/Plugins/Pacenote/sounds/Janne Laahanen EnNu A,Auf Kuppe
2228,PACENOTE,CAUTIONS,PRECISE,Precise,,2,,pacenotes/Rbr.ini/packages/Extended.ini/cautions/Extended.ini,assets/Jannemod V3 - Public test_v1.1/English/English Numeric A/Plugins/Pacenote/sounds/Janne Laahanen EnNu A,Präzise
2229,PACENOTE,LINE,STAY_OUT,Stay Out,,2,,pacenotes/Rbr.ini/packages/Extended.ini/line/Extended.ini,assets/Jannemod V3 - Public test_v1.1/English/English Numeric A/Plugins/Pacenote/sounds/Janne Laahanen EnNu A,Bleib Außen
2230,PACENOTE,CAUTIONS,BUMPY_BRAKING,Bumpy Braking,,2,,pacenotes/Rbr.ini/packages/Extended.ini/cautions/Extended.ini,assets/Jannemod V3 - Public test_v1.1/English/English Numeric A/Plugins/Pacenote/sounds/Janne Laahanen EnNu A,Schläge Beim Bremsen
2231,PACENOTE,OBSTACLES,OVER_NARROW_BRIDGE,Over Narrow Bridge,,2,,pacenotes/Rbr.ini/packages/Extended.ini/obstacles/Extended.ini,assets/Jannemod V3 - Public test_v1.1/English/English Numeric A/Plugins/Pacenote/sounds/Janne Laahanen EnNu A,Über Schmale Brücke
2232,PACENOTE,SURFACE,GETS_ROUGHER,Gets Rougher,,2,,pacenotes/Rbr.ini/packages/Extended.ini/surface/Extended.ini,assets/Jannemod V3 - Public test_v1.1/English/English Numeric A/Plugins/Pacenote/sounds/Janne Laahanen EnNu A,Wird Ruppiger
2233,PACENOTE,SURFACE,GETS_SMOOTHER,Gets Smoother,,2,,pacenotes/Rbr.ini/packages/Extended.ini/surface/Extended.ini,assets/Jannemod V3 - Public test_v1.1/English/English Numeric A/Plugins/Pacenote/sounds/Janne Laahanen EnNu A,Wird Glatter
2234,PACENOTE,ADDITIONAL,GETS_FASTER,Gets Faster,,2,,pacenotes/Rbr.ini/packages/Extended.ini/additional/Extended.ini,assets/Jannemod V3 - Public test_v1.1/English/English Numeric A/Plugins/Pacenote/sounds/Janne Laahanen EnNu A,Wird Schneller
2235,PACENOTE,ADDITIONAL,GETS_SLOWER,Gets Slower,,2,,pacenotes/Rbr.ini/packages/Extended.ini/additional/Extended.ini,assets/Jannemod V3 - Public test_v1.1/English/English Numeric A/Plugins/Pacenote/sounds/Janne Laahanen EnNu A,Wird Langsamer
2236,PACENOTE,SURFACE,SURFACE_CHANGE,Surface Change,,2,,pacenotes/Rbr.ini/packages/Extended.ini/surface/Extended.ini,assets/Jannemod V3 - Public test_v1.1/English/English Numeric A/Plugins/Pacenote/sounds/Janne Laahanen EnNu A,Belagwechsel
2237,PACENOTE,OBSTACLES,BUMPS_OVER,Bumps Over_(dist.),,2,,pacenotes/Rbr.ini/packages/Extended.ini/obstacles/Extended.ini,assets/Jannemod V3 - Public test_v1.1/English/English Numeric A/Plugins/Pacenote/sounds/Janne Laahanen EnNu A,Über Schläge
2238,PACENOTE,OBSTACLES,OVER_ROCKS,Over Rocks,,2,,pacenotes/Rbr.ini/packages/Extended.ini/obstacles/Extended.ini,assets/Jannemod V3 - Public test_v1.1/English/English Numeric A/Plugins/Pacenote/sounds/Janne Laahanen EnNu A,Über Steine
2239,PACENOTE,SURFACE,ONTO_FIELD,Onto Field,,2,,pacenotes/Rbr.ini/packages/Extended.ini/surface/Extended.ini,assets/Jannemod V3 - Public test_v1.1/English/English Numeric A/Plugins/Pacenote/sounds/Janne Laahanen EnNu A,Auf Feld
2240,PACENOTE,ADDITIONAL,FICKLE,Fickle,,2,,pacenotes/Rbr.ini/packages/Extended.ini/additional/Extended.ini,assets/Jannemod V3 - Public test_v1.1/English/English Numeric A/Plugins/Pacenote/sounds/Janne Laahanen EnNu A,Unklar
2241,PACENOTE,OBSTACLES,TO_JUMP,To Jump,,2,,pacenotes/Rbr.ini/packages/Extended.ini/obstacles/Extended.ini,assets/Jannemod V3 - Public test_v1.1/English/English Numeric A/Plugins/Pacenote/sounds/Janne Laahanen EnNu A,Auf Sprung
2242,PACENOTE,LINE,DOUBLE_DONT,Double Don't,,2,,pacenotes/Rbr.ini/packages/Extended.ini/line/Extended.ini,assets/Jannemod V3 - Public test_v1.1/English/English Numeric A/Plugins/Pacenote/sounds/Janne Laahanen EnNu A,zwei Risiken innen
2243,PACENOTE,LINE,TRIPLE_DONT,Triple Don't,,2,,pacenotes/Rbr.ini/packages/Extended.ini/line/Extended.ini,assets/Jannemod V3 - Public test_v1.1/English/English Numeric A/Plugins/Pacenote/sounds/Janne Laahanen EnNu A,drei Risiken innen
2244,PACENOTE,ADDITIONAL,IMPORTANT,Important,,2,,pacenotes/Rbr.ini/packages/Extended.ini/additional/Extended.ini,assets/Jannemod V3 - Public test_v1.1/English/English Numeric A/Plugins/Pacenote/sounds/Janne Laahanen EnNu A,Wichtig
2245,PACENOTE,OBSTACLES,CREST_TO_LEFT,Crest To Left,crest_left.ogg,2,,pacenotes/Rbr.ini/packages/Extended.ini/obstacles/Extended.ini,assets/Jannemod V3 - Public test_v1.1/English/English Numeric A/Plugins/Pacenote/sounds/Janne Laahanen EnNu A,Kuppe läuft Links
2246,PACENOTE,OBSTACLES,CREST_TO_RIGHT,Crest To Right,crest_right.ogg,2,,pacenotes/Rbr.ini/packages/Extended.ini/obstacles/Extended.ini,assets/Jannemod V3 - Public test_v1.1/English/English Numeric A/Plugins/Pacenote/sounds/Janne Laahanen EnNu A,Kuppe läuft Rechts
2248,PACENOTE,ADDITIONAL,FUCKINGLONG,Fucking Long,,3,,pacenotes/Rbr.ini/packages/Extended.ini/additional/Extended.ini,assets/Jannemod V3 - Public test_v1.1/English/English Numeric A/Plugins/Pacenote/sounds/Janne Laahanen EnNu A,Beschissen Lang
2249,PACENOTE,ADJECTIVES,TIGHTENSVERYVERYLONG,Tightens Very Very Long,,2,,pacenotes/Rbr.ini/packages/Extended.ini/adjectives/Extended.ini,assets/Jannemod V3 - Public test_v1.1/English/English Numeric A/Plugins/Pacenote/sounds/Janne Laahanen EnNu A,Schliesst Sehr Sehr Spät
2250,PACENOTE,ADJECTIVES,TIGHTENSFUCKINGLONG,Tightens Fucking Long,,2,,pacenotes/Rbr.ini/packages/Extended.ini/adjectives/Extended.ini,assets/Jannemod V3 - Public test_v1.1/English/English Numeric A/Plugins/Pacenote/sounds/Janne Laahanen EnNu A,Schliesst Verdammt Spät
2251,PACENOTE,ADJECTIVES,OPENSVERYVERYLONG,Opens Very Very Long,,2,,pacenotes/Rbr.ini/packages/Extended.ini/adjectives/Extended.ini,assets/Jannemod V3 - Public test_v1.1/English/English Numeric A/Plugins/Pacenote/sounds/Janne Laahanen EnNu A,Öffnet Sehr Sehr Spät
2252,PACENOTE,ADJECTIVES,OPENSFUCKINGLONG,Opens Fucking Long,,2,,pacenotes/Rbr.ini/packages/Extended.ini/adjectives/Extended.ini,assets/Jannemod V3 - Public test_v1.1/English/English Numeric A/Plugins/Pacenote/sounds/Janne Laahanen EnNu A,Öffnet Verdammt Spät
2253,PACENOTE,ADJECTIVES,TIGHTENSSHARP,Tightens Sharp,,2,,pacenotes/Rbr.ini/packages/Extended.ini/adjectives/Extended.ini,assets/Jannemod V3 - Public test_v1.1/English/English Numeric A/Plugins/Pacenote/sounds/Janne Laahanen EnNu A,Schliesst Scharf
2254,PACENOTE,ADJECTIVES,TIGHTENSROUND,Tightens Round,,2,,pacenotes/Rbr.ini/packages/Extended.ini/adjectives/Extended.ini,assets/Jannemod V3 - Public test_v1.1/English/English Numeric A/Plugins/Pacenote/sounds/Janne Laahanen EnNu A,Schliesst Rund
2255,PACENOTE,ADJECTIVES,OPENSSHARP,Opens Sharp,,2,,pacenotes/Rbr.ini/packages/Extended.ini/adjectives/Extended.ini,assets/Jannemod V3 - Public test_v1.1/English/English Numeric A/Plugins/Pacenote/sounds/Janne Laahanen EnNu A,Öffnet Scharf
2256,PACENOTE,ADJECTIVES,OPENSROUND,Opens Round,,2,,pacenotes/Rbr.ini/packages/Extended.ini/adjectives/Extended.ini,assets/Jannemod V3 - Public test_v1.1/English/English Numeric A/Plugins/Pacenote/sounds/Janne Laahanen EnNu A,Öffnet Rund
2257,PACENOTE,OBSTACLES,OVER_EARLY_CREST,Over Early Crest,,2,,pacenotes/Rbr.ini/packages/Extended.ini/obstacles/Extended.ini,assets/Jannemod V3 - Public test_v1.1/English/English Numeric A/Plugins/Pacenote/sounds/Janne Laahanen EnNu A,Früh Über Kuppe
2258,PACENOTE,OBSTACLES,OVER_LATE_CREST,Over Late Crest,,2,,pacenotes/Rbr.ini/packages/Extended.ini/obstacles/Extended.ini,assets/Jannemod V3 - Public test_v1.1/English/English Numeric A/Plugins/Pacenote/sounds/Janne Laahanen EnNu A,Spät Über Kuppe
2259,PACENOTE,CAUTIONS,BRAKE_10,Brake 10,,3,,pacenotes/Rbr.ini/packages/Extended.ini/cautions/Extended.ini,assets/Jannemod V3 - Public test_v1.1/English/English Numeric A/Plugins/Pacenote/sounds/Janne Laahanen EnNu A,Bremsen In zehn
2260,PACENOTE,SURFACE,BLACK_ICE,Black Ice,,2,,pacenotes/Rbr.ini/packages/Extended.ini/surface/Extended.ini,assets/Jannemod V3 - Public test_v1.1/English/English Numeric A/Plugins/Pacenote/sounds/Janne Laahanen EnNu A,Spiegeleis
2261,PACENOTE,PREPOSITIONS,AT_LOG,At Log,,2,,pacenotes/Rbr.ini/packages/Extended.ini/prepositions/Extended.ini,assets/Jannemod V3 - Public test_v1.1/English/English Numeric A/Plugins/Pacenote/sounds/Janne Laahanen EnNu A,Bei Stamm
2266,PACENOTE,LINE,POST_EARLY,Post Early,,2,,pacenotes/Rbr.ini/packages/Extended.ini/line/Extended.ini,assets/Jannemod V3 - Public test_v1.1/English/English Numeric A/Plugins/Pacenote/sounds/Janne Laahanen EnNu A,Pfosten Früh
2267,PACENOTE,LINE,POST_LATE,Post Late,,2,,pacenotes/Rbr.ini/packages/Extended.ini/line/Extended.ini,assets/Jannemod V3 - Public test_v1.1/English/English Numeric A/Plugins/Pacenote/sounds/Janne Laahanen EnNu A,Pfosten Spät
2268,PACENOTE,LINE,POSTS,Posts,,2,,pacenotes/Rbr.ini/packages/Extended.ini/line/Extended.ini,assets/Jannemod V3 - Public test_v1.1/English/English Numeric A/Plugins/Pacenote/sounds/Janne Laahanen EnNu A,Pfähle
2269,PACENOTE,OBSTACLES,OVERCREST_NOLINK,Over Crest,over_crest.ogg,2,,pacenotes/Rbr.ini/packages/Extended.ini/obstacles/Extended.ini,assets/Jannemod V3 - Public test_v1.1/English/English Numeric A/Plugins/Pacenote/sounds/Janne Laahanen EnNu A,Über Kuppe
2270,PACENOTE,CAUTIONS,CARE_NOLINK,Care,care.ogg,3,,pacenotes/Rbr.ini/packages/Extended.ini/cautions/Extended.ini,assets/Jannemod V3 - Public test_v1.1/English/English Numeric A/Plugins/Pacenote/sounds/Janne Laahanen EnNu A,Vorsicht
2271,PACENOTE,CAUTIONS,CAUTION_NOLINK,Caution,caution.ogg,3,,pacenotes/Rbr.ini/packages/Extended.ini/cautions/Extended.ini,assets/Jannemod V3 - Public test_v1.1/English/English Numeric A/Plugins/Pacenote/sounds/Janne Laahanen EnNu A,Achtung
2273,PACENOTE,LINE,LATE_CUT,Late Cut,,2,,pacenotes/Rbr.ini/packages/Extended.ini/line/Extended.ini,assets/Jannemod V3 - Public test_v1.1/English/English Numeric A/Plugins/Pacenote/sounds/Janne Laahanen EnNu A,Spät Schneiden
2274,PACENOTE,PREPOSITIONS,AT_LOGS,At Logs,,2,,pacenotes/Rbr.ini/packages/Extended.ini/prepositions/Extended.ini,assets/Jannemod V3 - Public test_v1.1/English/English Numeric A/Plugins/Pacenote/sounds/Janne Laahanen EnNu A,Bei Stämmen
2275,PACENOTE,CAUTIONS,NIU_BRAKE_JATKUU,Brake And (NIU),,3,,pacenotes/Rbr.ini/packages/Extended.ini/cautions/Extended.ini,assets/Jannemod V3 - Public test_v1.1/English/English Numeric A/Plugins/Pacenote/sounds/Janne Laahanen EnNu A,Bremsen Und
2276,PACENOTE,ADDITIONAL,DEEP,Deep,,2,,pacenotes/Rbr.ini/packages/Extended.ini/additional/Extended.ini,assets/Jannemod V3 - Public test_v1.1/English/English Numeric A/Plugins/Pacenote/sounds/Janne Laahanen EnNu A,Tief
2277,PACENOTE,ADDITIONAL,TRUST,Trust,,2,,pacenotes/Rbr.ini/packages/Extended.ini/additional/Extended.ini,assets/Jannemod V3 - Public test_v1.1/English/English Numeric A/Plugins/Pacenote/sounds/Janne Laahanen EnNu A,Vertrauen
2405,PACENOTE,LINE,LEFTISH,Leftish,,2,,pacenotes/Rbr.ini/packages/Extended.ini/line/Extended.ini,assets/Jannemod V3 - Public test_v1.1/English/English Numeric A/Plugins/Pacenote/sounds/Janne Laahanen EnNu A,Eher Links
2406,PACENOTE,LINE,RIGHTISH,Rightish,,2,,pacenotes/Rbr.ini/packages/Extended.ini/line/Extended.ini,assets/Jannemod V3 - Public test_v1.1/English/English Numeric A/Plugins/Pacenote/sounds/Janne Laahanen EnNu A,Eher Rechts
2501,PACENOTE,OBSTACLES,NIU_SMALL_CREST_FABZ,Small Crest (NIU),,2,,pacenotes/Rbr.ini/packages/Extended.ini/obstacles/Extended.ini,assets/Jannemod V3 - Public test_v1.1/English/English Numeric A/Plugins/Pacenote/sounds/Janne Laahanen EnNu A,Kleine Kuppe
2503,PACENOTE,OBSTACLES,NIU_BROW,Crest (NIU),,2,,pacenotes/Rbr.ini/packages/Extended.ini/obstacles/Extended.ini,assets/Jannemod V3 - Public test_v1.1/English/English Numeric A/Plugins/Pacenote/sounds/Janne Laahanen EnNu A,Buckel
2507,PACENOTE,OBSTACLES,TWO_BALES,Two Bales,,2,,pacenotes/Rbr.ini/packages/Extended.ini/obstacles/Extended.ini,assets/Jannemod V3 - Public test_v1.1/English/English Numeric A/Plugins/Pacenote/sounds/Janne Laahanen EnNu A,zwei Ballen
2508,PACENOTE,OBSTACLES,THREE_BALES,Three Bales,,2,,pacenotes/Rbr.ini/packages/Extended.ini/obstacles/Extended.ini,assets/Jannemod V3 - Public test_v1.1/English/English Numeric A/Plugins/Pacenote/sounds/Janne Laahanen EnNu A,drei Ballen
2509,PACENOTE,OBSTACLES,FOUR_BALES,Four Bales,,2,,pacenotes/Rbr.ini/packages/Extended.ini/obstacles/Extended.ini,assets/Jannemod V3 - Public test_v1.1/English/English Numeric A/Plugins/Pacenote/sounds/Janne Laahanen EnNu A,vier Ballen
2512,PACENOTE,OBSTACLES,LOGS,Logs,,2,,pacenotes/Rbr.ini/packages/Extended.ini/obstacles/Extended.ini,assets/Jannemod V3 - Public test_v1.1/English/English Numeric A/Plugins/Pacenote/sounds/Janne Laahanen EnNu A,Stämme
2515,PACENOTE,OBSTACLES,GATE,Gate,,2,,pacenotes/Rbr.ini/packages/Extended.ini/obstacles/Extended.ini,assets/Jannemod V3 - Public test_v1.1/English/English Numeric A/Plugins/Pacenote/sounds/Janne Laahanen EnNu A,Tor
2516,PACENOTE,OBSTACLES,BIG_JUMP,Big Jump,,2,,pacenotes/Rbr.ini/packages/Extended.ini/obstacles/Extended.ini,assets/Jannemod V3 - Public test_v1.1/English/English Numeric A/Plugins/Pacenote/sounds/Janne Laahanen EnNu A,Großer Sprung
2521,PACENOTE,OBSTACLES,BALES,Bales,,2,,pacenotes/Rbr.ini/packages/Extended.ini/obstacles/Extended.ini,assets/Jannemod V3 - Public test_v1.1/English/English Numeric A/Plugins/Pacenote/sounds/Janne Laahanen EnNu A,Ballen
2571,PACENOTE,SURFACE,SURFACE_NOTE,Surface,,2,,pacenotes/Rbr.ini/packages/Extended.ini/surface/Extended.ini,assets/Jannemod V3 - Public test_v1.1/English/English Numeric A/Plugins/Pacenote/sounds/Janne Laahanen EnNu A,Belag
2600,PACENOTE,DRIVING,BE_BRAVE,Be Brave,,2,,pacenotes/Rbr.ini/packages/Extended.ini/driving/Extended.ini,assets/Jannemod V3 - Public test_v1.1/English/English Numeric A/Plugins/Pacenote/sounds/Janne Laahanen EnNu A,Trau Dich
2604,PACENOTE,CAUTIONS,NIU_WATCH,Precise (NIU),,2,,pacenotes/Rbr.ini/packages/Extended.ini/cautions/Extended.ini,assets/Jannemod V3 - Public test_v1.1/English/English Numeric A/Plugins/Pacenote/sounds/Janne Laahanen EnNu A,
2611,PACENOTE,OBSTACLES,BALE,Bale,,2,,pacenotes/Rbr.ini/packages/Extended.ini/obstacles/Extended.ini,assets/Jannemod V3 - Public test_v1.1/English/English Numeric A/Plugins/Pacenote/sounds/Janne Laahanen EnNu A,Ballen
2615,PACENOTE,DRIVING,NIU_DAB,Dab (NIU),,2,,pacenotes/Rbr.ini/packages/Extended.ini/driving/Extended.ini,assets/Jannemod V3 - Public test_v1.1/English/English Numeric A/Plugins/Pacenote/sounds/Janne Laahanen EnNu A,Nicht Springen
2622,PACENOTE,ADDITIONAL,TWO_PARTS,Two Parts,,2,,pacenotes/Rbr.ini/packages/Extended.ini/additional/Extended.ini,assets/Jannemod V3 - Public test_v1.1/English/English Numeric A/Plugins/Pacenote/sounds/Janne Laahanen EnNu A,Zwei Mal
2623,PACENOTE,ADDITIONAL,THREE_PARTS,Three Parts,,2,,pacenotes/Rbr.ini/packages/Extended.ini/additional/Extended.ini,assets/Jannemod V3 - Public test_v1.1/English/English Numeric A/Plugins/Pacenote/sounds/Janne Laahanen EnNu A,Drei Mal
2624,PACENOTE,ADDITIONAL,FOUR_PARTS,Four Parts,,2,,pacenotes/Rbr.ini/packages/Extended.ini/additional/Extended.ini,assets/Jannemod V3 - Public test_v1.1/English/English Numeric A/Plugins/Pacenote/sounds/Janne Laahanen EnNu A,Vier Mal
2625,PACENOTE,ADDITIONAL,FIVE_PARTS,Five Parts,,2,,pacenotes/Rbr.ini/packages/Extended.ini/additional/Extended.ini,assets/Jannemod V3 - Public test_v1.1/English/English Numeric A/Plugins/Pacenote/sounds/Janne Laahanen EnNu A,Fünf Mal
2626,PACENOTE,OBSTACLES,FIVE_BALES,Five Bales,,2,,pacenotes/Rbr.ini/packages/Extended.ini/obstacles/Extended.ini,assets/Jannemod V3 - Public test_v1.1/English/English Numeric A/Plugins/Pacenote/sounds/Janne Laahanen EnNu A,fünf Ballen
9999,PACENOTE,CORNERS,LINE_CHANGE,,,0,,pacenotes/Rbr.ini/packages/Descriptive.ini/corners/Descriptive.ini,assets/Jannemod V3 - Public test_v1.1/English/English Numeric A/Plugins/Pacenote/sounds/Janne Laahanen EnNu A,
