id,type,category,name,translation,file,sounds,error,ini,file_src_dir
-1,RANGE,EXTENDED,100,,100.ogg,3,,ranges/Rbr.ini/packages/Extended.ini/extended/Extended.ini,assets/bollinger_sounds
-1,RANGE,EXTENDED,1000,,1000.ogg,3,,ranges/Rbr.ini/packages/Extended.ini/extended/Extended.ini,assets/bollinger_sounds
-1,RANGE,EXTENDED,120,,120.ogg,3,,ranges/Rbr.ini/packages/Extended.ini/extended/Extended.ini,assets/bollinger_sounds
-1,RANGE,EXTENDED,140,,140.ogg,3,,ranges/Rbr.ini/packages/Extended.ini/extended/Extended.ini,assets/bollinger_sounds
-1,RANGE,EXTENDED,150,,150.ogg,3,,ranges/Rbr.ini/packages/Extended.ini/extended/Extended.ini,assets/bollinger_sounds
-1,RANGE,EXTENDED,160,,160.ogg,3,,ranges/Rbr.ini/packages/Extended.ini/extended/Extended.ini,assets/bollinger_sounds
-1,RANGE,EXTENDED,180,,180.ogg,3,,ranges/Rbr.ini/packages/Extended.ini/extended/Extended.ini,assets/bollinger_sounds
-1,RANGE,EXTENDED,200,,200.ogg,3,,ranges/Rbr.ini/packages/Extended.ini/extended/Extended.ini,assets/bollinger_sounds
-1,RANGE,EXTENDED,250,,250.ogg,3,,ranges/Rbr.ini/packages/Extended.ini/extended/Extended.ini,assets/bollinger_sounds
-1,RANGE,EXTENDED,30,,30.ogg,3,,ranges/Rbr.ini/packages/Extended.ini/extended/Extended.ini,assets/bollinger_sounds
-1,RANGE,EXTENDED,300,,300.ogg,3,,ranges/Rbr.ini/packages/Extended.ini/extended/Extended.ini,assets/bollinger_sounds
-1,RANGE,EXTENDED,350,,350.ogg,3,,ranges/Rbr.ini/packages/Extended.ini/extended/Extended.ini,assets/bollinger_sounds
-1,RANGE,EXTENDED,40,,40.ogg,3,,ranges/Rbr.ini/packages/Extended.ini/extended/Extended.ini,assets/bollinger_sounds
-1,RANGE,EXTENDED,400,,400.ogg,3,,ranges/Rbr.ini/packages/Extended.ini/extended/Extended.ini,assets/bollinger_sounds
-1,RANGE,EXTENDED,450,,450.ogg,3,,ranges/Rbr.ini/packages/Extended.ini/extended/Extended.ini,assets/bollinger_sounds
-1,RANGE,EXTENDED,50,,50.ogg,3,,ranges/Rbr.ini/packages/Extended.ini/extended/Extended.ini,assets/bollinger_sounds
-1,RANGE,EXTENDED,500,,500.ogg,3,,ranges/Rbr.ini/packages/Extended.ini/extended/Extended.ini,assets/bollinger_sounds
-1,RANGE,EXTENDED,60,,60.ogg,3,,ranges/Rbr.ini/packages/Extended.ini/extended/Extended.ini,assets/bollinger_sounds
-1,RANGE,EXTENDED,600,,600.ogg,3,,ranges/Rbr.ini/packages/Extended.ini/extended/Extended.ini,assets/bollinger_sounds
-1,RANGE,EXTENDED,70,,70.ogg,3,,ranges/Rbr.ini/packages/Extended.ini/extended/Extended.ini,assets/bollinger_sounds
-1,RANGE,EXTENDED,700,,700.ogg,3,,ranges/Rbr.ini/packages/Extended.ini/extended/Extended.ini,assets/bollinger_sounds
-1,RANGE,EXTENDED,80,,80.ogg,3,,ranges/Rbr.ini/packages/Extended.ini/extended/Extended.ini,assets/bollinger_sounds
-1,RANGE,EXTENDED,800,,800.ogg,3,,ranges/Rbr.ini/packages/Extended.ini/extended/Extended.ini,assets/bollinger_sounds
-1,RANGE,EXTENDED,900,,900.ogg,3,,ranges/Rbr.ini/packages/Extended.ini/extended/Extended.ini,assets/bollinger_sounds
-1,PACENOTE,LINKS,AND,Und,and.ogg,3,,pacenotes/Rbr.ini/packages/Extended.ini/links/Extended.ini,assets/bollinger_sounds
-1,PACENOTE,LINKS,CALLOUT_ADJUST,Callout Adjust,,0,,pacenotes/Rbr.ini/packages/Extended.ini/links/Extended.ini,assets/Jannemod V3 - Public test_v1.1/English/English Numeric A/Plugins/Pacenote/sounds/Janne Laahanen EnNu A
-1,PACENOTE,LINKS,CALLOUT_DISTANCE,Callout Distance,,0,,pacenotes/Rbr.ini/packages/Extended.ini/links/Extended.ini,assets/Jannemod V3 - Public test_v1.1/English/English Numeric A/Plugins/Pacenote/sounds/Janne Laahanen EnNu A
-1,PACENOTE,LINKS,CALLOUT_TIME,Callout Time,,0,,pacenotes/Rbr.ini/packages/Extended.ini/links/Extended.ini,assets/Jannemod V3 - Public test_v1.1/English/English Numeric A/Plugins/Pacenote/sounds/Janne Laahanen EnNu A
-1,PACENOTE,CAUTIONS,CAUTION_WATER,Vorsicht Wasser,caution_water.ogg,3,,pacenotes/Rbr.ini/packages/Extended.ini/cautions/Extended.ini,assets/bollinger_sounds
-1,PACENOTE,MODIFIER,CUT,Schneiden,cut.ogg,3,,pacenotes/Rbr.ini/packages/Extended.ini/modifier/Extended.ini,assets/bollinger_sounds
-1,PACENOTE,LINKS,DISTANCE_CALL,Distance Call,,0,,pacenotes/Rbr.ini/packages/Extended.ini/links/Extended.ini,assets/Jannemod V3 - Public test_v1.1/English/English Numeric A/Plugins/Pacenote/sounds/Janne Laahanen EnNu A
-1,PACENOTE,MODIFIER,DONTCUT,Nicht Schneiden,dontcut.ogg,3,,pacenotes/Rbr.ini/packages/Extended.ini/modifier/Extended.ini,assets/bollinger_sounds
-1,PACENOTE,LINKS,EMPTY_CALL,Empty Call,,0,,pacenotes/Rbr.ini/packages/Extended.ini/links/Extended.ini,assets/Jannemod V3 - Public test_v1.1/English/English Numeric A/Plugins/Pacenote/sounds/Janne Laahanen EnNu A
-1,PACENOTE,LINKS,INTO,Hinein,into.ogg,3,,pacenotes/Rbr.ini/packages/Extended.ini/links/Extended.ini,assets/bollinger_sounds
-1,PACENOTE,MODIFIER,LONG,Lang,long.ogg,3,,pacenotes/Rbr.ini/packages/Extended.ini/modifier/Extended.ini,assets/bollinger_sounds
-1,PACENOTE,MODIFIER,MAYBE,Vielleicht,maybe.ogg,3,,pacenotes/Rbr.ini/packages/Extended.ini/modifier/Extended.ini,assets/bollinger_sounds
-1,PACENOTE,MODIFIER,NARROWS,Verengung (Straße),narrows.ogg,3,,pacenotes/Rbr.ini/packages/Extended.ini/modifier/Extended.ini,assets/bollinger_sounds
-1,PACENOTE,LINKS,ONTO,Hinein,onto.ogg,3,,pacenotes/Rbr.ini/packages/Extended.ini/links/Extended.ini,assets/bollinger_sounds
-1,PACENOTE,LINKS,PLACE_HOLDER,Placeholder,,0,,pacenotes/Rbr.ini/packages/Extended.ini/links/Extended.ini,assets/Jannemod V3 - Public test_v1.1/English/English Numeric A/Plugins/Pacenote/sounds/Janne Laahanen EnNu A
-1,PACENOTE,MODIFIER,SOUND_FILE,Sound File,,0,,pacenotes/Rbr.ini/packages/Extended.ini/modifier/Extended.ini,assets/Jannemod V3 - Public test_v1.1/English/English Numeric A/Plugins/Pacenote/sounds/Janne Laahanen EnNu A
-1,PACENOTE,LINKS,SOUND_INDEX,Sound Index,,0,,pacenotes/Rbr.ini/packages/Extended.ini/links/Extended.ini,assets/Jannemod V3 - Public test_v1.1/English/English Numeric A/Plugins/Pacenote/sounds/Janne Laahanen EnNu A
-1,PACENOTE,MODIFIER,STANDARD_CALL,Standard Call,,0,,pacenotes/Rbr.ini/packages/Extended.ini/modifier/Extended.ini,assets/Jannemod V3 - Public test_v1.1/English/English Numeric A/Plugins/Pacenote/sounds/Janne Laahanen EnNu A
-1,PACENOTE,MODIFIER,TIGHTENS,Verengung,tightens.ogg,3,,pacenotes/Rbr.ini/packages/Extended.ini/modifier/Extended.ini,assets/bollinger_sounds
-1,PACENOTE,MODIFIER,TIGHTENSBAD,Starke Verengung,tightensbad.ogg,3,,pacenotes/Rbr.ini/packages/Extended.ini/modifier/Extended.ini,assets/bollinger_sounds
-1,PACENOTE,MODIFIER,WIDEOUT,Verbreiterung,wideout.ogg,3,,pacenotes/Rbr.ini/packages/Extended.ini/modifier/Extended.ini,assets/bollinger_sounds
0,PACENOTE,CORNERS,HAIRPINLEFT,Kehre Links,hairpin_left.ogg,3,,pacenotes/Rbr.ini/packages/Descriptive.ini/corners/Descriptive.ini,assets/bollinger_sounds
1,PACENOTE,CORNERS,90_LEFT,2 Links,two_left_de.ogg,3,,pacenotes/Rbr.ini/packages/Descriptive.ini/corners/Descriptive.ini,assets/bollinger_sounds
2,PACENOTE,CORNERS,KLEFT,3 Links,three_left.ogg,3,,pacenotes/Rbr.ini/packages/Descriptive.ini/corners/Descriptive.ini,assets/bollinger_sounds
3,PACENOTE,CORNERS,MEDIUMLEFT,4 Links,four_left.ogg,3,,pacenotes/Rbr.ini/packages/Descriptive.ini/corners/Descriptive.ini,assets/bollinger_sounds
4,PACENOTE,CORNERS,FASTLEFT,5 Links,five_left.ogg,3,,pacenotes/Rbr.ini/packages/Descriptive.ini/corners/Descriptive.ini,assets/bollinger_sounds
5,PACENOTE,CORNERS,EASYLEFT,6 Links,six_left.ogg,3,,pacenotes/Rbr.ini/packages/Descriptive.ini/corners/Descriptive.ini,assets/bollinger_sounds
6,PACENOTE,CORNERS,EASYRIGHT,6 Rechts,six_right.ogg,3,,pacenotes/Rbr.ini/packages/Descriptive.ini/corners/Descriptive.ini,assets/bollinger_sounds
7,PACENOTE,CORNERS,FASTRIGHT,5 Rechts,five_right.ogg,3,,pacenotes/Rbr.ini/packages/Descriptive.ini/corners/Descriptive.ini,assets/bollinger_sounds
8,PACENOTE,CORNERS,MEDIUMRIGHT,4 Rechts,four_right.ogg,3,,pacenotes/Rbr.ini/packages/Descriptive.ini/corners/Descriptive.ini,assets/bollinger_sounds
9,PACENOTE,CORNERS,KRIGHT,3 Rechts,three_right.ogg,3,,pacenotes/Rbr.ini/packages/Descriptive.ini/corners/Descriptive.ini,assets/bollinger_sounds
10,PACENOTE,CORNERS,90_RIGHT,2 Rechts,two_right_de.ogg,3,,pacenotes/Rbr.ini/packages/Descriptive.ini/corners/Descriptive.ini,assets/bollinger_sounds
11,PACENOTE,CORNERS,HAIRPINRIGHT,Kehre Rechts,hairpin_right.ogg,3,,pacenotes/Rbr.ini/packages/Descriptive.ini/corners/Descriptive.ini,assets/bollinger_sounds
12,PACENOTE,LINE,TWISTY,Kurvenreich,twisty.ogg,3,,pacenotes/Rbr.ini/packages/Extended.ini/line/Extended.ini,assets/bollinger_sounds
14,PACENOTE,ADDITIONAL,NARROWS,Verengung (Straße),narrows.ogg,3,,pacenotes/Rbr.ini/packages/Extended.ini/additional/Extended.ini,assets/bollinger_sounds
15,PACENOTE,ADDITIONAL,WIDEOUT,Verbreiterung,wideout.ogg,3,,pacenotes/Rbr.ini/packages/Extended.ini/additional/Extended.ini,assets/bollinger_sounds
16,PACENOTE,OBSTACLES,OVERCREST,Über Hügel,overcrest.ogg,3,,pacenotes/Rbr.ini/packages/Extended.ini/obstacles/Extended.ini,assets/bollinger_sounds
17,PACENOTE,OBSTACLES,FORD,Furt,ford.ogg,3,,pacenotes/Rbr.ini/packages/Extended.ini/obstacles/Extended.ini,assets/bollinger_sounds
18,PACENOTE,CAUTIONS,CARE,Vorsicht,care.ogg,3,,pacenotes/Rbr.ini/packages/Extended.ini/cautions/Extended.ini,assets/bollinger_sounds
19,PACENOTE,OBSTACLES,BUMP,Unebenheit,bump.ogg,3,,pacenotes/Rbr.ini/packages/Extended.ini/obstacles/Extended.ini,assets/bollinger_sounds
20,PACENOTE,OBSTACLES,JUMP,Sprung,jump.ogg,3,,pacenotes/Rbr.ini/packages/Extended.ini/obstacles/Extended.ini,assets/bollinger_sounds
22,PACENOTE,LINKS,FINISH,Ziel,finish.ogg,3,,pacenotes/Rbr.ini/packages/Extended.ini/links/Extended.ini,assets/bollinger_sounds
25,PACENOTE,CORNERS,FLATRIGHT,Voll Rechts,flat_right.ogg,3,,pacenotes/Rbr.ini/packages/Descriptive.ini/corners/Descriptive.ini,assets/bollinger_sounds
26,PACENOTE,CORNERS,FLATLEFT,Voll Links,flat_left.ogg,3,,pacenotes/Rbr.ini/packages/Descriptive.ini/corners/Descriptive.ini,assets/bollinger_sounds
27,PACENOTE,OBSTACLES,BRIDGE,Brücke,bridge.ogg,3,,pacenotes/Rbr.ini/packages/Extended.ini/obstacles/Extended.ini,assets/bollinger_sounds
28,PACENOTE,LINE,GOSTRAIGHT,Geradeaus,gostraight.ogg,3,,pacenotes/Rbr.ini/packages/Extended.ini/line/Extended.ini,assets/bollinger_sounds
29,PACENOTE,LINE,KEEPRIGHT,Rechts halten,keepright.ogg,3,,pacenotes/Rbr.ini/packages/Extended.ini/line/Extended.ini,assets/bollinger_sounds
30,PACENOTE,LINE,KEEPLEFT,Links halten,keepleft.ogg,3,,pacenotes/Rbr.ini/packages/Extended.ini/line/Extended.ini,assets/bollinger_sounds
31,PACENOTE,LINE,KEEPMIDDLE,Mittig halten,keepmiddle.ogg,3,,pacenotes/Rbr.ini/packages/Extended.ini/line/Extended.ini,assets/bollinger_sounds
32,PACENOTE,CAUTIONS,CAUTION,Achtung,caution.ogg,3,,pacenotes/Rbr.ini/packages/Extended.ini/cautions/Extended.ini,assets/bollinger_sounds
102,PACENOTE,CORNERS,TWO_LEFT,1 Links,one_left.ogg,3,,pacenotes/Rbr.ini/packages/Descriptive.ini/corners/Descriptive.ini,assets/bollinger_sounds
112,PACENOTE,CORNERS,TWO_RIGHT,1 Rechts,one_right.ogg,3,,pacenotes/Rbr.ini/packages/Descriptive.ini/corners/Descriptive.ini,assets/bollinger_sounds
120,PACENOTE,CORNERS,LEFT,Links,left.ogg,3,,pacenotes/Rbr.ini/packages/Descriptive.ini/corners/Descriptive.ini,assets/bollinger_sounds
121,PACENOTE,CORNERS,RIGHT,Rechts,right.ogg,3,,pacenotes/Rbr.ini/packages/Descriptive.ini/corners/Descriptive.ini,assets/bollinger_sounds
122,PACENOTE,CORNERS,NIU_RIGHT_INTO,,right_into.ogg,3,,pacenotes/Rbr.ini/packages/Descriptive.ini/corners/Descriptive.ini,assets/bollinger_sounds
123,PACENOTE,CORNERS,NIU_LEFT_INTO,,left_into.ogg,3,,pacenotes/Rbr.ini/packages/Descriptive.ini/corners/Descriptive.ini,assets/bollinger_sounds
124,PACENOTE,CORNERS,RIGHT_LEFT,Rechts-Links,right_left.ogg,3,,pacenotes/Rbr.ini/packages/Descriptive.ini/corners/Descriptive.ini,assets/bollinger_sounds
125,PACENOTE,CORNERS,LEFT_RIGHT,Links-Rechts,left_right.ogg,3,,pacenotes/Rbr.ini/packages/Descriptive.ini/corners/Descriptive.ini,assets/bollinger_sounds
126,PACENOTE,CORNERS,RIGHT_AROUND,Rechts Herum,right_around.ogg,3,,pacenotes/Rbr.ini/packages/Descriptive.ini/corners/Descriptive.ini,assets/bollinger_sounds
127,PACENOTE,CORNERS,LEFT_AROUND,Links Herum,left_around.ogg,3,,pacenotes/Rbr.ini/packages/Descriptive.ini/corners/Descriptive.ini,assets/bollinger_sounds
149,PACENOTE,LINKS,10,10,10.ogg,3,,pacenotes/Rbr.ini/packages/Extended.ini/links/Extended.ini,assets/bollinger_sounds
150,PACENOTE,LINKS,20,20,20.ogg,3,,pacenotes/Rbr.ini/packages/Extended.ini/links/Extended.ini,assets/bollinger_sounds
200,PACENOTE,OBSTACLES,OVER_BRIDGE,Über Brücke,over_bridge.ogg,1,,pacenotes/Rbr.ini/packages/Extended.ini/obstacles/Extended.ini,assets/bollinger_sounds
201,PACENOTE,OBSTACLES,NIU_OVER_RAILS,Über Gleis,over_rails.ogg,1,,pacenotes/Rbr.ini/packages/Extended.ini/obstacles/Extended.ini,assets/bollinger_sounds
202,PACENOTE,OBSTACLES,NIU_OVER_RAILWAY,Über Schienenstrang,over_railway.ogg,1,,pacenotes/Rbr.ini/packages/Extended.ini/obstacles/Extended.ini,assets/bollinger_sounds
211,PACENOTE,LINE,NIU_DEEPCUT,Cut Tief,deepcut.ogg,3,,pacenotes/Rbr.ini/packages/Extended.ini/line/Extended.ini,assets/bollinger_sounds
212,PACENOTE,LINE,FULLCUT,Cut Voll,fullcut.ogg,3,,pacenotes/Rbr.ini/packages/Extended.ini/line/Extended.ini,assets/bollinger_sounds
213,PACENOTE,LINE,NA_KEEP_CENTRE,Keskeltä (N/A),keepmiddle.ogg,3,,pacenotes/Rbr.ini/packages/Extended.ini/line/Extended.ini,assets/bollinger_sounds
215,PACENOTE,DRIVING,GO_FULL,Vollgas,go_full.ogg,3,,pacenotes/Rbr.ini/packages/Extended.ini/driving/Extended.ini,assets/bollinger_sounds
216,PACENOTE,ADDITIONAL,FLATOUT,Flatout,flatout.ogg,3,,pacenotes/Rbr.ini/packages/Extended.ini/additional/Extended.ini,assets/bollinger_sounds
217,PACENOTE,CAUTIONS,BRAKE,Bremsen,brake.ogg,3,,pacenotes/Rbr.ini/packages/Extended.ini/cautions/Extended.ini,assets/bollinger_sounds
218,PACENOTE,LINE,LIGHT_CUT,Cut Leicht,light_cut.ogg,3,,pacenotes/Rbr.ini/packages/Extended.ini/line/Extended.ini,assets/bollinger_sounds
219,PACENOTE,DRIVING,HANDBRAKE,Handbremse,handbrake.ogg,3,,pacenotes/Rbr.ini/packages/Extended.ini/driving/Extended.ini,assets/bollinger_sounds
220,PACENOTE,LINE,KEEP_IN,Innen bleiben,keep_in.ogg,1,,pacenotes/Rbr.ini/packages/Extended.ini/line/Extended.ini,assets/bollinger_sounds
221,PACENOTE,LINE,KEEP_OUT,Aussen bleiben,keep_out.ogg,1,,pacenotes/Rbr.ini/packages/Extended.ini/line/Extended.ini,assets/bollinger_sounds
223,PACENOTE,LINE,CLIP,Einhängen,clip.ogg,1,,pacenotes/Rbr.ini/packages/Extended.ini/line/Extended.ini,assets/bollinger_sounds
230,PACENOTE,ADDITIONAL,MINUS,Minus,minus.ogg,3,,pacenotes/Rbr.ini/packages/Extended.ini/additional/Extended.ini,assets/bollinger_sounds
231,PACENOTE,ADDITIONAL,NA_MINUSMINUS,MinusMinus,minusminus.ogg,3,,pacenotes/Rbr.ini/packages/Extended.ini/additional/Extended.ini,assets/bollinger_sounds
232,PACENOTE,ADDITIONAL,PLUS,Plus,plus.ogg,3,,pacenotes/Rbr.ini/packages/Extended.ini/additional/Extended.ini,assets/bollinger_sounds
233,PACENOTE,ADDITIONAL,NA_PLUSPLUS,PlusPlus,plusplus.ogg,3,,pacenotes/Rbr.ini/packages/Extended.ini/additional/Extended.ini,assets/bollinger_sounds
234,PACENOTE,LINE,EARLY,Früh,early.ogg,3,,pacenotes/Rbr.ini/packages/Extended.ini/line/Extended.ini,assets/bollinger_sounds
235,PACENOTE,LINE,LATE,Spät,late.ogg,3,,pacenotes/Rbr.ini/packages/Extended.ini/line/Extended.ini,assets/bollinger_sounds
236,PACENOTE,ADDITIONAL,EASY,Wenig,easy.ogg,3,,pacenotes/Rbr.ini/packages/Extended.ini/additional/Extended.ini,assets/bollinger_sounds
237,PACENOTE,ADJECTIVES,NA_MUCH,Viel,much.ogg,3,,pacenotes/Rbr.ini/packages/Extended.ini/adjectives/Extended.ini,assets/bollinger_sounds
238,PACENOTE,ADJECTIVES,NA_MANY,Viele,many.ogg,3,,pacenotes/Rbr.ini/packages/Extended.ini/adjectives/Extended.ini,assets/bollinger_sounds
239,PACENOTE,ADJECTIVES,NA_VERY,Sehr,very.ogg,3,,pacenotes/Rbr.ini/packages/Extended.ini/adjectives/Extended.ini,assets/bollinger_sounds
240,PACENOTE,ADDITIONAL,HARD,Stark,hard.ogg,3,,pacenotes/Rbr.ini/packages/Extended.ini/additional/Extended.ini,assets/bollinger_sounds
241,PACENOTE,ADDITIONAL,FAST,Schnell,fast.ogg,3,,pacenotes/Rbr.ini/packages/Extended.ini/additional/Extended.ini,assets/bollinger_sounds
242,PACENOTE,ADDITIONAL,SLOW,Langsam,slow.ogg,3,,pacenotes/Rbr.ini/packages/Extended.ini/additional/Extended.ini,assets/bollinger_sounds
243,PACENOTE,ADJECTIVES,NA_EXACT,Genau,exact.ogg,3,,pacenotes/Rbr.ini/packages/Extended.ini/adjectives/Extended.ini,assets/bollinger_sounds
243,PACENOTE,CAUTIONS,NIU_EXACT,Genau,exact.ogg,3,,pacenotes/Rbr.ini/packages/Extended.ini/cautions/Extended.ini,assets/bollinger_sounds
244,PACENOTE,DRIVING,SLOWING,Langsamer,slowing.ogg,1,,pacenotes/Rbr.ini/packages/Extended.ini/driving/Extended.ini,assets/bollinger_sounds
245,PACENOTE,ADJECTIVES,NA_DIRECTLY,Sofort,directly.ogg,3,,pacenotes/Rbr.ini/packages/Extended.ini/adjectives/Extended.ini,assets/bollinger_sounds
246,PACENOTE,ADJECTIVES,NA_LIGHT,Leicht,light.ogg,3,,pacenotes/Rbr.ini/packages/Extended.ini/adjectives/Extended.ini,assets/bollinger_sounds
247,PACENOTE,ADJECTIVES,NA_BIG,Groß,big.ogg,3,,pacenotes/Rbr.ini/packages/Extended.ini/adjectives/Extended.ini,assets/bollinger_sounds
248,PACENOTE,ADJECTIVES,NA_SMALL,Klein,small.ogg,3,,pacenotes/Rbr.ini/packages/Extended.ini/adjectives/Extended.ini,assets/bollinger_sounds
249,PACENOTE,ADDITIONAL,SHARP,Spitz,sharp.ogg,3,,pacenotes/Rbr.ini/packages/Extended.ini/additional/Extended.ini,assets/bollinger_sounds
250,PACENOTE,ADDITIONAL,ROUND,Rund,round.ogg,3,,pacenotes/Rbr.ini/packages/Extended.ini/additional/Extended.ini,assets/bollinger_sounds
251,PACENOTE,ADDITIONAL,TIGHT,Eng,tight.ogg,3,,pacenotes/Rbr.ini/packages/Extended.ini/additional/Extended.ini,assets/bollinger_sounds
252,PACENOTE,ADJECTIVES,NA_SLIGHT,Etwas,slight.ogg,3,,pacenotes/Rbr.ini/packages/Extended.ini/adjectives/Extended.ini,assets/bollinger_sounds
253,PACENOTE,ADJECTIVES,NA_GOOD,Gut,good.ogg,3,,pacenotes/Rbr.ini/packages/Extended.ini/adjectives/Extended.ini,assets/bollinger_sounds
254,PACENOTE,ADDITIONAL,BAD,Schlecht,bad.ogg,4,,pacenotes/Rbr.ini/packages/Extended.ini/additional/Extended.ini,assets/bollinger_sounds
255,PACENOTE,ADDITIONAL,NARROW,Eng,narrow.ogg,1,,pacenotes/Rbr.ini/packages/Extended.ini/additional/Extended.ini,assets/bollinger_sounds
256,PACENOTE,ADDITIONAL,WIDE,Breit,wide.ogg,1,,pacenotes/Rbr.ini/packages/Extended.ini/additional/Extended.ini,assets/bollinger_sounds
257,PACENOTE,ADJECTIVES,NA_STRAIGHT,Gerade,straight.ogg,1,,pacenotes/Rbr.ini/packages/Extended.ini/adjectives/Extended.ini,assets/bollinger_sounds
260,PACENOTE,ADDITIONAL,UPHILL,Bergauf,uphill.ogg,3,,pacenotes/Rbr.ini/packages/Extended.ini/additional/Extended.ini,assets/bollinger_sounds
261,PACENOTE,ADDITIONAL,DOWNHILL,Bergab,downhill.ogg,3,,pacenotes/Rbr.ini/packages/Extended.ini/additional/Extended.ini,assets/bollinger_sounds
263,PACENOTE,ADDITIONAL,NIU_LONGLONG,LangLang,longlong.ogg,3,,pacenotes/Rbr.ini/packages/Extended.ini/additional/Extended.ini,assets/bollinger_sounds
264,PACENOTE,ADDITIONAL,SHORT,Kurz,short.ogg,3,,pacenotes/Rbr.ini/packages/Extended.ini/additional/Extended.ini,assets/bollinger_sounds
265,PACENOTE,ADDITIONAL,NA_SHORTSHORT,KurzKurz,shortshort.ogg,3,,pacenotes/Rbr.ini/packages/Extended.ini/additional/Extended.ini,assets/bollinger_sounds
266,PACENOTE,LINE,NA_GONARROW,Wird Enger,gonarrow.ogg,3,,pacenotes/Rbr.ini/packages/Extended.ini/line/Extended.ini,assets/bollinger_sounds
267,PACENOTE,LINE,GOWIDE,Wird Breiter,gowide.ogg,3,,pacenotes/Rbr.ini/packages/Extended.ini/line/Extended.ini,assets/bollinger_sounds
268,PACENOTE,CAUTIONS,SLIPPERY,Schmiert,slippery.ogg,3,,pacenotes/Rbr.ini/packages/Extended.ini/cautions/Extended.ini,assets/bollinger_sounds
270,PACENOTE,DRIVING,NA_UNDERSTEER,Schiebt,understeer.ogg,3,,pacenotes/Rbr.ini/packages/Extended.ini/driving/Extended.ini,assets/bollinger_sounds
271,PACENOTE,DRIVING,SIDEWAYS,Versetzt,sideways.ogg,3,,pacenotes/Rbr.ini/packages/Extended.ini/driving/Extended.ini,assets/bollinger_sounds
272,PACENOTE,LINE,HOOK,Einhängen,hook.ogg,3,,pacenotes/Rbr.ini/packages/Extended.ini/line/Extended.ini,assets/bollinger_sounds
273,PACENOTE,DRIVING,NA_DRAWS_IN,Dreht Ein,draws_in.ogg,3,,pacenotes/Rbr.ini/packages/Extended.ini/driving/Extended.ini,assets/bollinger_sounds
274,PACENOTE,ADDITIONAL,VERY_LONG,Sehr Lang,very_long.ogg,1,,pacenotes/Rbr.ini/packages/Extended.ini/additional/Extended.ini,assets/bollinger_sounds
275,PACENOTE,ADDITIONAL,NA_VERY_SHORT,Sehr Kurz,very_short.ogg,1,,pacenotes/Rbr.ini/packages/Extended.ini/additional/Extended.ini,assets/bollinger_sounds
277,PACENOTE,CAUTIONS,NIU_SLIPPY,Rutschig,slippy.ogg,1,,pacenotes/Rbr.ini/packages/Extended.ini/cautions/Extended.ini,assets/bollinger_sounds
291,PACENOTE,SURFACE,DIRTY,Schmutzig,dirty.ogg,3,,pacenotes/Rbr.ini/packages/Extended.ini/surface/Extended.ini,assets/bollinger_sounds
292,PACENOTE,OBSTACLES,NIU_BUMPY,Bucklig,bumpy.ogg,3,,pacenotes/Rbr.ini/packages/Extended.ini/obstacles/Extended.ini,assets/bollinger_sounds
293,PACENOTE,ADDITIONAL,CRAMPED,Verengt,cramped.ogg,3,,pacenotes/Rbr.ini/packages/Extended.ini/additional/Extended.ini,assets/bollinger_sounds
294,PACENOTE,ADJECTIVES,NA_POSITIVE,Positiv,positive.ogg,3,,pacenotes/Rbr.ini/packages/Extended.ini/adjectives/Extended.ini,assets/bollinger_sounds
295,PACENOTE,ADJECTIVES,NA_NEGATIVE,Negativ,negative.ogg,3,,pacenotes/Rbr.ini/packages/Extended.ini/adjectives/Extended.ini,assets/bollinger_sounds
298,PACENOTE,ADJECTIVES,OPENS,Macht Auf,opens.ogg,3,,pacenotes/Rbr.ini/packages/Extended.ini/adjectives/Extended.ini,assets/bollinger_sounds
299,PACENOTE,CAUTIONS,FAKES,Täuscht,fakes.ogg,3,,pacenotes/Rbr.ini/packages/Extended.ini/cautions/Extended.ini,assets/bollinger_sounds
300,PACENOTE,OBSTACLES,BUMPS,Schwellen,bumps.ogg,3,,pacenotes/Rbr.ini/packages/Extended.ini/obstacles/Extended.ini,assets/bollinger_sounds
301,PACENOTE,ADDITIONAL,HIDDEN,Versteckt,hidden.ogg,3,,pacenotes/Rbr.ini/packages/Extended.ini/additional/Extended.ini,assets/bollinger_sounds
302,PACENOTE,ADDITIONAL,NIU_BLIND,Blind,blind.ogg,3,,pacenotes/Rbr.ini/packages/Extended.ini/additional/Extended.ini,assets/bollinger_sounds
303,PACENOTE,CAUTIONS,DOUBLE_CAUTION,Gut Aufpassen,double_caution.ogg,3,,pacenotes/Rbr.ini/packages/Extended.ini/cautions/Extended.ini,assets/bollinger_sounds
304,PACENOTE,CAUTIONS,NA_TRIPLE_CAUTION,Höchste Vorsicht,triple_caution.ogg,3,,pacenotes/Rbr.ini/packages/Extended.ini/cautions/Extended.ini,assets/bollinger_sounds
320,PACENOTE,SURFACE,GRAVEL,Schotter,gravel.ogg,3,,pacenotes/Rbr.ini/packages/Extended.ini/surface/Extended.ini,assets/bollinger_sounds
321,PACENOTE,SURFACE,TARMAC,Asphalt,tarmac.ogg,3,,pacenotes/Rbr.ini/packages/Extended.ini/surface/Extended.ini,assets/bollinger_sounds
322,PACENOTE,SURFACE,CONCRETE,Beton,concrete.ogg,3,,pacenotes/Rbr.ini/packages/Extended.ini/surface/Extended.ini,assets/bollinger_sounds
323,PACENOTE,SURFACE,COBBLES,Cobbles,cobble.ogg,3,,pacenotes/Rbr.ini/packages/Extended.ini/surface/Extended.ini,assets/bollinger_sounds
324,PACENOTE,SURFACE,NA_GRIT,Kies,grit.ogg,3,,pacenotes/Rbr.ini/packages/Extended.ini/surface/Extended.ini,assets/bollinger_sounds
325,PACENOTE,SURFACE,SNOW,Schnee,snow.ogg,3,,pacenotes/Rbr.ini/packages/Extended.ini/surface/Extended.ini,assets/bollinger_sounds
326,PACENOTE,SURFACE,NA_ONSPLIT,Splitt,onsplit.ogg,3,,pacenotes/Rbr.ini/packages/Extended.ini/surface/Extended.ini,assets/bollinger_sounds
327,PACENOTE,SURFACE,ICY,Eisig,icy.ogg,3,,pacenotes/Rbr.ini/packages/Extended.ini/surface/Extended.ini,assets/bollinger_sounds
328,PACENOTE,SURFACE,NA_RUBBLE,Geröll,rubble.ogg,3,,pacenotes/Rbr.ini/packages/Extended.ini/surface/Extended.ini,assets/bollinger_sounds
329,PACENOTE,SURFACE,NIU_ICE,Eis,ice.ogg,3,,pacenotes/Rbr.ini/packages/Extended.ini/surface/Extended.ini,assets/bollinger_sounds
330,PACENOTE,SURFACE,NA_LOOSE_GRAVEL,Loser Schotter,loose_gravel.ogg,3,,pacenotes/Rbr.ini/packages/Extended.ini/surface/Extended.ini,assets/bollinger_sounds
340,PACENOTE,OBSTACLES,CREST,Kuppe,crest.ogg,3,,pacenotes/Rbr.ini/packages/Extended.ini/obstacles/Extended.ini,assets/bollinger_sounds
342,PACENOTE,ADDITIONAL,CAMBER,Wölbung,camber.ogg,3,,pacenotes/Rbr.ini/packages/Extended.ini/additional/Extended.ini,assets/bollinger_sounds
343,PACENOTE,ADDITIONAL,NIU_REVERSE_CAMBER,Wanne,reverse_camber.ogg,3,,pacenotes/Rbr.ini/packages/Extended.ini/additional/Extended.ini,assets/bollinger_sounds
344,PACENOTE,OBSTACLES,HOLE,Loch,hole.ogg,3,,pacenotes/Rbr.ini/packages/Extended.ini/obstacles/Extended.ini,assets/bollinger_sounds
345,PACENOTE,OBSTACLES,RUTS,Rillen,ruts.ogg,3,,pacenotes/Rbr.ini/packages/Extended.ini/obstacles/Extended.ini,assets/bollinger_sounds
346,PACENOTE,OBSTACLES,DEEPRUTS,Tiefe Rillen,deepruts.ogg,3,,pacenotes/Rbr.ini/packages/Extended.ini/obstacles/Extended.ini,assets/bollinger_sounds
347,PACENOTE,CAUTIONS,NA_BORDER,Rand,border.ogg,3,,pacenotes/Rbr.ini/packages/Extended.ini/cautions/Extended.ini,assets/bollinger_sounds
348,PACENOTE,CAUTIONS,NA_EDGE,Kante,edge.ogg,3,,pacenotes/Rbr.ini/packages/Extended.ini/cautions/Extended.ini,assets/bollinger_sounds
349,PACENOTE,CAUTIONS,NA_CURB,Bordstein,curb.ogg,3,,pacenotes/Rbr.ini/packages/Extended.ini/cautions/Extended.ini,assets/bollinger_sounds
350,PACENOTE,CAUTIONS,NA_DITCH,Graben,ditch.ogg,3,,pacenotes/Rbr.ini/packages/Extended.ini/cautions/Extended.ini,assets/bollinger_sounds
351,PACENOTE,ADDITIONAL,JUNCTION,Abzweig,junction.ogg,3,,pacenotes/Rbr.ini/packages/Extended.ini/additional/Extended.ini,assets/bollinger_sounds
353,PACENOTE,ADDITIONAL,TURN,Abbiegen,turn.ogg,3,,pacenotes/Rbr.ini/packages/Extended.ini/additional/Extended.ini,assets/bollinger_sounds
354,PACENOTE,OBSTACLES,NIU_STEEP_DROP,Steiler Abhang,steep_drop.ogg,3,,pacenotes/Rbr.ini/packages/Extended.ini/obstacles/Extended.ini,assets/bollinger_sounds
355,PACENOTE,ADDITIONAL,BADCAMBER,Starke Wölbung,bad_camber.ogg,3,,pacenotes/Rbr.ini/packages/Extended.ini/additional/Extended.ini,assets/bollinger_sounds
356,PACENOTE,CAUTIONS,NA_SHOULDER,Bankett,shoulder.ogg,3,,pacenotes/Rbr.ini/packages/Extended.ini/cautions/Extended.ini,assets/bollinger_sounds
357,PACENOTE,CAUTIONS,NA_STEEP_HILL,Steiles Gefälle,steep_hill.ogg,3,,pacenotes/Rbr.ini/packages/Extended.ini/cautions/Extended.ini,assets/bollinger_sounds
358,PACENOTE,CAUTIONS,NA_STEEP_INCLINE,Steiler Anstieg,steep_incline.ogg,3,,pacenotes/Rbr.ini/packages/Extended.ini/cautions/Extended.ini,assets/bollinger_sounds
359,PACENOTE,CAUTIONS,NA_STEEP_SLOPE,Steilhang,steep_slope.ogg,3,,pacenotes/Rbr.ini/packages/Extended.ini/cautions/Extended.ini,assets/bollinger_sounds
361,PACENOTE,OBSTACLES,DIP,Abhang,dip.ogg,1,,pacenotes/Rbr.ini/packages/Extended.ini/obstacles/Extended.ini,assets/bollinger_sounds
362,PACENOTE,OBSTACLES,DROPS,Drops,drops.ogg,1,,pacenotes/Rbr.ini/packages/Extended.ini/obstacles/Extended.ini,assets/bollinger_sounds
367,PACENOTE,ADDITIONAL,NIU_NEGATIVE_CAMBER,Bad Camber (NIU),bad_camber.ogg,3,,pacenotes/Rbr.ini/packages/Extended.ini/additional/Extended.ini,assets/bollinger_sounds
368,PACENOTE,ADDITIONAL,NIU_POSITIVE_CAMBER,Camber (NIU),camber.ogg,3,,pacenotes/Rbr.ini/packages/Extended.ini/additional/Extended.ini,assets/bollinger_sounds
369,PACENOTE,OBSTACLES,NIU_COMPRESSION,Dip (NIU),dip.ogg,1,,pacenotes/Rbr.ini/packages/Extended.ini/obstacles/Extended.ini,assets/bollinger_sounds
370,PACENOTE,CONSTRUCTION,NA_FENCE,Zaun,fence.ogg,3,,pacenotes/Rbr.ini/packages/Extended.ini/construction/Extended.ini,assets/bollinger_sounds
371,PACENOTE,CONSTRUCTION,NA_WALL,Mauer,wall.ogg,3,,pacenotes/Rbr.ini/packages/Extended.ini/construction/Extended.ini,assets/bollinger_sounds
372,PACENOTE,CONSTRUCTION,NA_HOUSE,Haus,house.ogg,3,,pacenotes/Rbr.ini/packages/Extended.ini/construction/Extended.ini,assets/bollinger_sounds
373,PACENOTE,OBSTACLES,NA_TREE,Baum,tree.ogg,3,,pacenotes/Rbr.ini/packages/Extended.ini/obstacles/Extended.ini,assets/bollinger_sounds
374,PACENOTE,OBSTACLES,NA_STUMP,Stumpf,stump.ogg,3,,pacenotes/Rbr.ini/packages/Extended.ini/obstacles/Extended.ini,assets/bollinger_sounds
375,PACENOTE,CONSTRUCTION,NA_MAST,Mast,mast.ogg,3,,pacenotes/Rbr.ini/packages/Extended.ini/construction/Extended.ini,assets/bollinger_sounds
376,PACENOTE,CONSTRUCTION,NIU_POST,Pfosten,post.ogg,3,,pacenotes/Rbr.ini/packages/Extended.ini/construction/Extended.ini,assets/bollinger_sounds
377,PACENOTE,CONSTRUCTION,NA_ISLAND,Kreisel,island.ogg,3,,pacenotes/Rbr.ini/packages/Extended.ini/construction/Extended.ini,assets/bollinger_sounds
378,PACENOTE,CORNERS,CHICANE,Schikane,chicane.ogg,3,,pacenotes/Rbr.ini/packages/Descriptive.ini/corners/Descriptive.ini,assets/bollinger_sounds
379,PACENOTE,OBSTACLES,NA_STONE,Stein,stone.ogg,3,,pacenotes/Rbr.ini/packages/Extended.ini/obstacles/Extended.ini,assets/bollinger_sounds
380,PACENOTE,OBSTACLES,NA_ROCK,Fels,rock.ogg,3,,pacenotes/Rbr.ini/packages/Extended.ini/obstacles/Extended.ini,assets/bollinger_sounds
381,PACENOTE,OBSTACLES,TUNNEL,Tunnel,tunnel.ogg,3,,pacenotes/Rbr.ini/packages/Extended.ini/obstacles/Extended.ini,assets/bollinger_sounds
382,PACENOTE,CONSTRUCTION,NA_ROAD,Straße,road.ogg,3,,pacenotes/Rbr.ini/packages/Extended.ini/construction/Extended.ini,assets/bollinger_sounds
384,PACENOTE,OBSTACLES,RAILS,Gleis,rails.ogg,3,,pacenotes/Rbr.ini/packages/Extended.ini/obstacles/Extended.ini,assets/bollinger_sounds
385,PACENOTE,OBSTACLES,NA_SIGN,Schild,sign.ogg,3,,pacenotes/Rbr.ini/packages/Extended.ini/obstacles/Extended.ini,assets/bollinger_sounds
386,PACENOTE,OBSTACLES,NA_BUSH,Busch,bush.ogg,3,,pacenotes/Rbr.ini/packages/Extended.ini/obstacles/Extended.ini,assets/bollinger_sounds
387,PACENOTE,CONSTRUCTION,NA_PATH,Weg,path.ogg,3,,pacenotes/Rbr.ini/packages/Extended.ini/construction/Extended.ini,assets/bollinger_sounds
388,PACENOTE,OBSTACLES,NIU_WATER,Wasser,water.ogg,3,,pacenotes/Rbr.ini/packages/Extended.ini/obstacles/Extended.ini,assets/bollinger_sounds
389,PACENOTE,OBSTACLES,NIU_PUDDLE,Pfütze,puddle.ogg,3,,pacenotes/Rbr.ini/packages/Extended.ini/obstacles/Extended.ini,assets/bollinger_sounds
390,PACENOTE,OBSTACLES,NA_NETTING,Netting (N/A),netting.ogg,1,Not found: netting.ogg,pacenotes/Rbr.ini/packages/Extended.ini/obstacles/Extended.ini,assets/Jannemod V3 - Public test_v1.1/English/English Numeric A/Plugins/Pacenote/sounds/Janne Laahanen EnNu A
391,PACENOTE,OBSTACLES,NA_TAPE,Tape (N/A),tape.ogg,1,Not found: tape.ogg,pacenotes/Rbr.ini/packages/Extended.ini/obstacles/Extended.ini,assets/Jannemod V3 - Public test_v1.1/English/English Numeric A/Plugins/Pacenote/sounds/Janne Laahanen EnNu A
392,PACENOTE,CORNERS,LEFT_ENTRY_CHICANE,Schikane Eingang Links,left_entry_chicane.ogg,1,,pacenotes/Rbr.ini/packages/Descriptive.ini/corners/Descriptive.ini,assets/bollinger_sounds
393,PACENOTE,CORNERS,RIGHT_ENTRY_CHICANE,Schikane Eingang Rechts,right_entry_chicane.ogg,1,,pacenotes/Rbr.ini/packages/Descriptive.ini/corners/Descriptive.ini,assets/bollinger_sounds
394,PACENOTE,OBSTACLES,NA_TYRES,Tyres (N/A),tyres.ogg,1,Not found: tyres.ogg,pacenotes/Rbr.ini/packages/Extended.ini/obstacles/Extended.ini,assets/Jannemod V3 - Public test_v1.1/English/English Numeric A/Plugins/Pacenote/sounds/Janne Laahanen EnNu A
395,PACENOTE,OBSTACLES,NA_SPECTATORS,Spectators (N/A),spectators.ogg,1,Not found: spectators.ogg,pacenotes/Rbr.ini/packages/Extended.ini/obstacles/Extended.ini,assets/Jannemod V3 - Public test_v1.1/English/English Numeric A/Plugins/Pacenote/sounds/Janne Laahanen EnNu A
396,PACENOTE,OBSTACLES,NA_MARSHALLS,Marshalls (N/A),marshalls.ogg,1,Not found: marshalls.ogg,pacenotes/Rbr.ini/packages/Extended.ini/obstacles/Extended.ini,assets/Jannemod V3 - Public test_v1.1/English/English Numeric A/Plugins/Pacenote/sounds/Janne Laahanen EnNu A
397,PACENOTE,OBSTACLES,NA_BARRELS,Barrels (N/A),barrels.ogg,1,Not found: barrels.ogg,pacenotes/Rbr.ini/packages/Extended.ini/obstacles/Extended.ini,assets/Jannemod V3 - Public test_v1.1/English/English Numeric A/Plugins/Pacenote/sounds/Janne Laahanen EnNu A
399,PACENOTE,CONSTRUCTION,NA_ROUNDABOUT,Kreisverkehr,roundabout.ogg,1,,pacenotes/Rbr.ini/packages/Extended.ini/construction/Extended.ini,assets/bollinger_sounds
400,PACENOTE,PREPOSITIONS,NA_THROUGH,Durch,through.ogg,3,,pacenotes/Rbr.ini/packages/Extended.ini/prepositions/Extended.ini,assets/bollinger_sounds
401,PACENOTE,PREPOSITIONS,NA_AFTER,Nach,after.ogg,3,,pacenotes/Rbr.ini/packages/Extended.ini/prepositions/Extended.ini,assets/bollinger_sounds
402,PACENOTE,PREPOSITIONS,NA_NEAR,Nahe,near.ogg,3,,pacenotes/Rbr.ini/packages/Extended.ini/prepositions/Extended.ini,assets/bollinger_sounds
403,PACENOTE,PREPOSITIONS,NA_ON,Auf,on.ogg,3,,pacenotes/Rbr.ini/packages/Extended.ini/prepositions/Extended.ini,assets/bollinger_sounds
404,PACENOTE,PREPOSITIONS,NA_UNTIL,Bis,until.ogg,3,,pacenotes/Rbr.ini/packages/Extended.ini/prepositions/Extended.ini,assets/bollinger_sounds
405,PACENOTE,PREPOSITIONS,NA_AT,Bei,at.ogg,3,,pacenotes/Rbr.ini/packages/Extended.ini/prepositions/Extended.ini,assets/bollinger_sounds
406,PACENOTE,PREPOSITIONS,NA_BEFORE,Vor,before.ogg,3,,pacenotes/Rbr.ini/packages/Extended.ini/prepositions/Extended.ini,assets/bollinger_sounds
407,PACENOTE,PREPOSITIONS,NA_OVER,Über,over.ogg,3,,pacenotes/Rbr.ini/packages/Extended.ini/prepositions/Extended.ini,assets/bollinger_sounds
408,PACENOTE,ADDITIONAL,NIU_IN,In,in.ogg,3,,pacenotes/Rbr.ini/packages/Extended.ini/additional/Extended.ini,assets/bollinger_sounds
409,PACENOTE,PREPOSITIONS,NA_BEHIND,Hinter,behind.ogg,3,,pacenotes/Rbr.ini/packages/Extended.ini/prepositions/Extended.ini,assets/bollinger_sounds
410,PACENOTE,PREPOSITIONS,NA_FOR,Für,for.ogg,3,,pacenotes/Rbr.ini/packages/Extended.ini/prepositions/Extended.ini,assets/bollinger_sounds
411,PACENOTE,ADDITIONAL,INSIDE,Innen,inside.ogg,3,,pacenotes/Rbr.ini/packages/Extended.ini/additional/Extended.ini,assets/bollinger_sounds
412,PACENOTE,ADDITIONAL,OUTSIDE,Außen,outside.ogg,3,,pacenotes/Rbr.ini/packages/Extended.ini/additional/Extended.ini,assets/bollinger_sounds
413,PACENOTE,PREPOSITIONS,NA_THEN,Then (N/A),then.ogg,1,Not found: then.ogg,pacenotes/Rbr.ini/packages/Extended.ini/prepositions/Extended.ini,assets/Jannemod V3 - Public test_v1.1/English/English Numeric A/Plugins/Pacenote/sounds/Janne Laahanen EnNu A
414,PACENOTE,PREPOSITIONS,NA_OFF,Off (N/A),off.ogg,1,Not found: off.ogg,pacenotes/Rbr.ini/packages/Extended.ini/prepositions/Extended.ini,assets/Jannemod V3 - Public test_v1.1/English/English Numeric A/Plugins/Pacenote/sounds/Janne Laahanen EnNu A
430,PACENOTE,LINKS,DONE,Ende,done.ogg,3,,pacenotes/Rbr.ini/packages/Extended.ini/links/Extended.ini,assets/bollinger_sounds
431,PACENOTE,DRIVING,STOP,Stop,stop.ogg,3,,pacenotes/Rbr.ini/packages/Extended.ini/driving/Extended.ini,assets/bollinger_sounds
432,PACENOTE,LINE,LINE_NOTE,Linie,line.ogg,3,,pacenotes/Rbr.ini/packages/Extended.ini/line/Extended.ini,assets/bollinger_sounds
435,PACENOTE,LINKS,NEXT_LAP,Onto Next Lap,onto_nextlap1.ogg,4,,pacenotes/Rbr.ini/packages/Extended.ini/links/Extended.ini,assets/Jannemod V3 - Public test_v1.1/English/English Numeric A/Plugins/Pacenote/sounds/Janne Laahanen EnNu A
436,PACENOTE,LINKS,TAKE_EXIT,Onto Finish,onto_finish.ogg,3,,pacenotes/Rbr.ini/packages/Extended.ini/links/Extended.ini,assets/bollinger_sounds
443,PACENOTE,CONSTRUCTION,NA_WOODEN_FENCE,Holzzaun,wooden_fence.ogg,1,,pacenotes/Rbr.ini/packages/Extended.ini/construction/Extended.ini,assets/bollinger_sounds
540,PACENOTE,SURFACE,ONTO_GRAVEL,Auf Schotter,onto_gravel.ogg,3,,pacenotes/Rbr.ini/packages/Extended.ini/surface/Extended.ini,assets/bollinger_sounds
541,PACENOTE,SURFACE,ONTO_TARMAC,Auf Asphalt,onto_tarmac.ogg,3,,pacenotes/Rbr.ini/packages/Extended.ini/surface/Extended.ini,assets/bollinger_sounds
542,PACENOTE,SURFACE,ONTO_CONCRETE,Auf Beton,onto_concrete.ogg,3,,pacenotes/Rbr.ini/packages/Extended.ini/surface/Extended.ini,assets/bollinger_sounds
543,PACENOTE,SURFACE,ONTO_COBBLES,Onto Cobbles,onto_cobble.ogg,3,,pacenotes/Rbr.ini/packages/Extended.ini/surface/Extended.ini,assets/bollinger_sounds
544,PACENOTE,SURFACE,NA_ONTO_GRIT,Auf Kies,onto_grit.ogg,3,,pacenotes/Rbr.ini/packages/Extended.ini/surface/Extended.ini,assets/bollinger_sounds
545,PACENOTE,SURFACE,ONTO_SNOW,Auf Schnee,onto_snow.ogg,3,,pacenotes/Rbr.ini/packages/Extended.ini/surface/Extended.ini,assets/bollinger_sounds
549,PACENOTE,LINE,NIU_HOLD,Halten,hold.ogg,3,,pacenotes/Rbr.ini/packages/Extended.ini/line/Extended.ini,assets/bollinger_sounds
550,PACENOTE,DRIVING,NA_TAKE_SPEED,Speed Mit,take_speed.ogg,3,,pacenotes/Rbr.ini/packages/Extended.ini/driving/Extended.ini,assets/bollinger_sounds
551,PACENOTE,DRIVING,L_FOOT_BRAKING,LinksFussBremsen,l_foot_braking.ogg,3,,pacenotes/Rbr.ini/packages/Extended.ini/driving/Extended.ini,assets/bollinger_sounds
555,PACENOTE,LINE,NA_TO_SIGHT_DISTANCE,Bis Sicht,to_sight_distance.ogg,3,,pacenotes/Rbr.ini/packages/Extended.ini/line/Extended.ini,assets/bollinger_sounds
556,PACENOTE,LINKS,SPLIT_TIME,Zeit,split_time.ogg,3,,pacenotes/Rbr.ini/packages/Extended.ini/links/Extended.ini,assets/bollinger_sounds
557,PACENOTE,PREPOSITIONS,ENTRY,Eingang,entry.ogg,3,,pacenotes/Rbr.ini/packages/Extended.ini/prepositions/Extended.ini,assets/bollinger_sounds
2001,PACENOTE,ADJECTIVES,TIGHTENSTOSIX,Macht zu 6*,tightens6.ogg,1,,pacenotes/Rbr.ini/packages/Extended.ini/adjectives/Extended.ini,assets/bollinger_sounds
2002,PACENOTE,ADJECTIVES,TIGHTENSTOFIVE,Macht zu 5*,tightens5.ogg,1,,pacenotes/Rbr.ini/packages/Extended.ini/adjectives/Extended.ini,assets/bollinger_sounds
2003,PACENOTE,ADJECTIVES,TIGHTENSTOFOUR,Macht zu 4*,tightens4.ogg,1,,pacenotes/Rbr.ini/packages/Extended.ini/adjectives/Extended.ini,assets/bollinger_sounds
2004,PACENOTE,ADJECTIVES,TIGHTENSTOTHREE,Macht zu 3*,tightens3.ogg,1,,pacenotes/Rbr.ini/packages/Extended.ini/adjectives/Extended.ini,assets/bollinger_sounds
2005,PACENOTE,ADJECTIVES,TIGHTENSTOTWO,Macht zu 2*,tightens2.ogg,1,,pacenotes/Rbr.ini/packages/Extended.ini/adjectives/Extended.ini,assets/bollinger_sounds
2006,PACENOTE,ADJECTIVES,TIGHTENSTOONE,Macht zu 1*,tightens1.ogg,1,,pacenotes/Rbr.ini/packages/Extended.ini/adjectives/Extended.ini,assets/bollinger_sounds
2007,PACENOTE,ADJECTIVES,TIGHTENSTOHP,Tightens Hairpin,tightens_hairpin.ogg,2,,pacenotes/Rbr.ini/packages/Extended.ini/adjectives/Extended.ini,assets/bollinger_sounds
2008,PACENOTE,ADJECTIVES,TOSIX,6*,6.ogg,3,,pacenotes/Rbr.ini/packages/Extended.ini/adjectives/Extended.ini,assets/bollinger_sounds
2009,PACENOTE,ADJECTIVES,TOFIVE,5*,5.ogg,3,,pacenotes/Rbr.ini/packages/Extended.ini/adjectives/Extended.ini,assets/bollinger_sounds
2010,PACENOTE,ADJECTIVES,TOFOUR,4*,4.ogg,3,,pacenotes/Rbr.ini/packages/Extended.ini/adjectives/Extended.ini,assets/bollinger_sounds
2011,PACENOTE,ADJECTIVES,TOTHREE,3*,3.ogg,3,,pacenotes/Rbr.ini/packages/Extended.ini/adjectives/Extended.ini,assets/bollinger_sounds
2012,PACENOTE,ADJECTIVES,TOTWO,2*,two_de.ogg,3,,pacenotes/Rbr.ini/packages/Extended.ini/adjectives/Extended.ini,assets/bollinger_sounds
2013,PACENOTE,ADJECTIVES,TOONE,1*,1.ogg,3,,pacenotes/Rbr.ini/packages/Extended.ini/adjectives/Extended.ini,assets/bollinger_sounds
2014,PACENOTE,ADJECTIVES,TOHP,_Hairpin,in_hairpin.ogg,2,,pacenotes/Rbr.ini/packages/Extended.ini/adjectives/Extended.ini,assets/bollinger_sounds
2015,PACENOTE,ADJECTIVES,TIGHTENSLATE,Macht Spät Zu,tightenslate.ogg,1,,pacenotes/Rbr.ini/packages/Extended.ini/adjectives/Extended.ini,assets/bollinger_sounds
2016,PACENOTE,LINE,DONTCUTEARLY,Don't Early,dontcut_early.ogg,3,,pacenotes/Rbr.ini/packages/Extended.ini/line/Extended.ini,assets/bollinger_sounds
2017,PACENOTE,LINE,DONTCUTLATE,Don't Late,dontcut_late.ogg,3,,pacenotes/Rbr.ini/packages/Extended.ini/line/Extended.ini,assets/bollinger_sounds
2018,PACENOTE,ADJECTIVES,OPENSTIGHTENS,Macht Auf und Zu,openstightens.ogg,1,,pacenotes/Rbr.ini/packages/Extended.ini/adjectives/Extended.ini,assets/bollinger_sounds
2019,PACENOTE,ADJECTIVES,TIGHTENSOPENS,Macht Zu und Auf,tightensopens.ogg,1,,pacenotes/Rbr.ini/packages/Extended.ini/adjectives/Extended.ini,assets/bollinger_sounds
2020,PACENOTE,LINE,NIU_HANG,,keep_out.ogg,1,,pacenotes/Rbr.ini/packages/Extended.ini/line/Extended.ini,assets/bollinger_sounds
2021,PACENOTE,CAUTIONS,CAREIN,Vorsicht Innen*,carein.ogg,1,,pacenotes/Rbr.ini/packages/Extended.ini/cautions/Extended.ini,assets/bollinger_sounds
2022,PACENOTE,CAUTIONS,CAREOUT,Vorsicht Außen*,careout.ogg,1,,pacenotes/Rbr.ini/packages/Extended.ini/cautions/Extended.ini,assets/bollinger_sounds
2023,PACENOTE,LINE,NIU_HAE,Hae (NIU),wideout.ogg,3,,pacenotes/Rbr.ini/packages/Extended.ini/line/Extended.ini,assets/bollinger_sounds
2024,PACENOTE,OBSTACLES,TODIP,To Dip,in_dip.ogg,1,,pacenotes/Rbr.ini/packages/Extended.ini/obstacles/Extended.ini,assets/bollinger_sounds
2025,PACENOTE,LINKS,NIU_JATKUU,And (NIU),and.ogg,3,,pacenotes/Rbr.ini/packages/Extended.ini/links/Extended.ini,assets/bollinger_sounds
2026,PACENOTE,CORNERS,FLAT_SCALE,Flat,full.ogg,3,,pacenotes/Rbr.ini/packages/Descriptive.ini/corners/Descriptive.ini,assets/bollinger_sounds
2027,PACENOTE,ADJECTIVES,TIGHTENSTOACUTE,Tightens Acute,tightens_sharp.ogg,3,,pacenotes/Rbr.ini/packages/Extended.ini/adjectives/Extended.ini,assets/bollinger_sounds
2028,PACENOTE,ADJECTIVES,TOACUTE,_Acute,in_sharp.ogg,3,,pacenotes/Rbr.ini/packages/Extended.ini/adjectives/Extended.ini,assets/bollinger_sounds
2029,PACENOTE,OBSTACLES,CONTINUESOVERCREST,Halten über Kuppe,continuesovercrest.ogg,1,,pacenotes/Rbr.ini/packages/Extended.ini/obstacles/Extended.ini,assets/bollinger_sounds
2030,PACENOTE,LINKS,IMMEDIATE,Immediate,directly.ogg,3,,pacenotes/Rbr.ini/packages/Extended.ini/links/Extended.ini,assets/bollinger_sounds
2031,PACENOTE,ADJECTIVES,NIPS,Nips,tightens_hard_late.ogg,3,,pacenotes/Rbr.ini/packages/Extended.ini/adjectives/Extended.ini,assets/bollinger_sounds
2032,PACENOTE,ADJECTIVES,OPENSLITTLE,Opens A Bit,opens_light.ogg,3,,pacenotes/Rbr.ini/packages/Extended.ini/adjectives/Extended.ini,assets/bollinger_sounds
2033,PACENOTE,ADJECTIVES,OPENSLONG,Opens Long,opens_long.ogg,3,,pacenotes/Rbr.ini/packages/Extended.ini/adjectives/Extended.ini,assets/bollinger_sounds
2034,PACENOTE,ADJECTIVES,OPENSVERYLONG,Opens Very Long,opens_very_long.ogg,1,,pacenotes/Rbr.ini/packages/Extended.ini/adjectives/Extended.ini,assets/bollinger_sounds
2035,PACENOTE,ADJECTIVES,OPENSEARLY,Opens Early,opens_early.ogg,3,,pacenotes/Rbr.ini/packages/Extended.ini/adjectives/Extended.ini,assets/bollinger_sounds
2036,PACENOTE,ADJECTIVES,OPENSATJUNCTION,Opens At Junction,opens_junction.ogg,3,,pacenotes/Rbr.ini/packages/Extended.ini/adjectives/Extended.ini,assets/bollinger_sounds
2037,PACENOTE,ADJECTIVES,OPENSOVERCREST,Opens Over Crest,opens_overcrest.ogg,3,,pacenotes/Rbr.ini/packages/Extended.ini/adjectives/Extended.ini,assets/bollinger_sounds
2038,PACENOTE,ADDITIONAL,SCALEPLUS,Scale Plus,plus.ogg,3,,pacenotes/Rbr.ini/packages/Extended.ini/additional/Extended.ini,assets/bollinger_sounds
2039,PACENOTE,ADDITIONAL,SCALEMINUS,Scale Minus,minus.ogg,3,,pacenotes/Rbr.ini/packages/Extended.ini/additional/Extended.ini,assets/bollinger_sounds
2040,PACENOTE,CORNERS,ACUTE_LEFT,Acute Left,sharp_hairpin_left.ogg,2,,pacenotes/Rbr.ini/packages/Descriptive.ini/corners/Descriptive.ini,assets/bollinger_sounds
2041,PACENOTE,CORNERS,ACUTE_RIGHT,Acute Right,sharp_hairpin_right.ogg,2,,pacenotes/Rbr.ini/packages/Descriptive.ini/corners/Descriptive.ini,assets/bollinger_sounds
2042,PACENOTE,ADJECTIVES,TIGHTENSEARLY,Tightens Early,tightens_early.ogg,3,,pacenotes/Rbr.ini/packages/Extended.ini/adjectives/Extended.ini,assets/bollinger_sounds
2043,PACENOTE,ADJECTIVES,TIGHTENSLITTLE,Tightens A Bit,tightens_light.ogg,3,,pacenotes/Rbr.ini/packages/Extended.ini/adjectives/Extended.ini,assets/bollinger_sounds
2044,PACENOTE,ADJECTIVES,TIGHTENSLONG,Tightens Long,tightens_long.ogg,3,,pacenotes/Rbr.ini/packages/Extended.ini/adjectives/Extended.ini,assets/bollinger_sounds
2045,PACENOTE,ADJECTIVES,TIGHTENSVERYLONG,Tightens Very Long,tightens_very_long.ogg,1,,pacenotes/Rbr.ini/packages/Extended.ini/adjectives/Extended.ini,assets/bollinger_sounds
2046,PACENOTE,ADJECTIVES,TIGHTENSATJUNCTION,Tightens At Junction,tightens_junction.ogg,3,,pacenotes/Rbr.ini/packages/Extended.ini/adjectives/Extended.ini,assets/bollinger_sounds
2047,PACENOTE,ADJECTIVES,TIGHTENSOVERCREST,Tightens Over Crest,tightens_overcrest.ogg,3,,pacenotes/Rbr.ini/packages/Extended.ini/adjectives/Extended.ini,assets/bollinger_sounds
2048,PACENOTE,DRIVING,WALK,Walk,slowing.ogg,1,,pacenotes/Rbr.ini/packages/Extended.ini/driving/Extended.ini,assets/bollinger_sounds
2049,PACENOTE,DRIVING,NEAT,Neat,care.ogg,3,,pacenotes/Rbr.ini/packages/Extended.ini/driving/Extended.ini,assets/bollinger_sounds
2050,PACENOTE,CORNERS,FLATRIGHTMINUS,6 Right+,six_right_plus.ogg,3,,pacenotes/Rbr.ini/packages/Descriptive.ini/corners/Descriptive.ini,assets/bollinger_sounds
2051,PACENOTE,CORNERS,QUICKRIGHT,5 Right+,five_right_plus.ogg,3,,pacenotes/Rbr.ini/packages/Descriptive.ini/corners/Descriptive.ini,assets/bollinger_sounds
2052,PACENOTE,CORNERS,EMRIGHT,4 Right+,four_right_plus.ogg,3,,pacenotes/Rbr.ini/packages/Descriptive.ini/corners/Descriptive.ini,assets/bollinger_sounds
2053,PACENOTE,CORNERS,PLUSRIGHT,3 Right+,three_right_plus.ogg,3,,pacenotes/Rbr.ini/packages/Descriptive.ini/corners/Descriptive.ini,assets/bollinger_sounds
2054,PACENOTE,CORNERS,MINUSRIGHT,1 Right+,one_right_plus.ogg,3,,pacenotes/Rbr.ini/packages/Descriptive.ini/corners/Descriptive.ini,assets/bollinger_sounds
2055,PACENOTE,CORNERS,VERYSLOWRIGHT,Hairpin Right+,hairpin_right_plus.ogg,3,,pacenotes/Rbr.ini/packages/Descriptive.ini/corners/Descriptive.ini,assets/bollinger_sounds
2056,PACENOTE,CORNERS,FLATLEFTMINUS,6 Left+,six_left_plus.ogg,3,,pacenotes/Rbr.ini/packages/Descriptive.ini/corners/Descriptive.ini,assets/bollinger_sounds
2057,PACENOTE,CORNERS,QUICKLEFT,5 Left+,five_left_plus.ogg,3,,pacenotes/Rbr.ini/packages/Descriptive.ini/corners/Descriptive.ini,assets/bollinger_sounds
2058,PACENOTE,CORNERS,EMLEFT,4 Left+,four_left_plus.ogg,3,,pacenotes/Rbr.ini/packages/Descriptive.ini/corners/Descriptive.ini,assets/bollinger_sounds
2059,PACENOTE,CORNERS,PLUSLEFT,3 Left+,three_left_plus.ogg,3,,pacenotes/Rbr.ini/packages/Descriptive.ini/corners/Descriptive.ini,assets/bollinger_sounds
2060,PACENOTE,CORNERS,MINUSLEFT,1 Left+,one_left_plus.ogg,3,,pacenotes/Rbr.ini/packages/Descriptive.ini/corners/Descriptive.ini,assets/bollinger_sounds
2061,PACENOTE,CORNERS,VERYSLOWLEFT,Hairpin Left+,hairpin_left_plus.ogg,3,,pacenotes/Rbr.ini/packages/Descriptive.ini/corners/Descriptive.ini,assets/bollinger_sounds
2062,PACENOTE,ADJECTIVES,TIGHTENSTOFLATMINUS,Tightens 6+,tightens_six_plus.ogg,3,,pacenotes/Rbr.ini/packages/Extended.ini/adjectives/Extended.ini,assets/bollinger_sounds
2063,PACENOTE,ADJECTIVES,TIGHTENSTOQUICK,Tightens 5+,tightens_five_plus.ogg,3,,pacenotes/Rbr.ini/packages/Extended.ini/adjectives/Extended.ini,assets/bollinger_sounds
2064,PACENOTE,ADJECTIVES,TIGHTENSTOEM,Tightens 4+,tightens_four_plus.ogg,3,,pacenotes/Rbr.ini/packages/Extended.ini/adjectives/Extended.ini,assets/bollinger_sounds
2065,PACENOTE,ADJECTIVES,TIGHTENSTOPLUS,Tightens 3+,tightens_three_plus.ogg,3,,pacenotes/Rbr.ini/packages/Extended.ini/adjectives/Extended.ini,assets/bollinger_sounds
2066,PACENOTE,ADJECTIVES,TIGHTENSTOMINUS,Tightens 1+,tightens_one_plus.ogg,3,,pacenotes/Rbr.ini/packages/Extended.ini/adjectives/Extended.ini,assets/bollinger_sounds
2067,PACENOTE,ADJECTIVES,TIGHTENSTOVERYSLOW,Tightens Hairpin+,tightens_hairpin_plus.ogg,2,,pacenotes/Rbr.ini/packages/Extended.ini/adjectives/Extended.ini,assets/bollinger_sounds
2068,PACENOTE,ADJECTIVES,TOFLATMINUS,_6+,in_six_plus.ogg,3,,pacenotes/Rbr.ini/packages/Extended.ini/adjectives/Extended.ini,assets/bollinger_sounds
2069,PACENOTE,ADJECTIVES,TOQUICK,_5+,in_five_plus.ogg,3,,pacenotes/Rbr.ini/packages/Extended.ini/adjectives/Extended.ini,assets/bollinger_sounds
2070,PACENOTE,ADJECTIVES,TOEM,_4+,in_four_plus.ogg,3,,pacenotes/Rbr.ini/packages/Extended.ini/adjectives/Extended.ini,assets/bollinger_sounds
2071,PACENOTE,ADJECTIVES,TOPLUS,_3+,in_three_plus.ogg,3,,pacenotes/Rbr.ini/packages/Extended.ini/adjectives/Extended.ini,assets/bollinger_sounds
2072,PACENOTE,ADJECTIVES,TOMINUS,_1+,in_one_plus.ogg,3,,pacenotes/Rbr.ini/packages/Extended.ini/adjectives/Extended.ini,assets/bollinger_sounds
2073,PACENOTE,ADJECTIVES,TOVERYSLOW,_Hairpin+,in_hairpin_plus.ogg,2,,pacenotes/Rbr.ini/packages/Extended.ini/adjectives/Extended.ini,assets/bollinger_sounds
2074,PACENOTE,CORNERS,FLATMINUS_SCALE,6+,six_plus.ogg,3,,pacenotes/Rbr.ini/packages/Descriptive.ini/corners/Descriptive.ini,assets/bollinger_sounds
2075,PACENOTE,CORNERS,EASY_SCALE,6,6.ogg,3,,pacenotes/Rbr.ini/packages/Descriptive.ini/corners/Descriptive.ini,assets/bollinger_sounds
2076,PACENOTE,CORNERS,QUICK_SCALE,5+,five_plus.ogg,3,,pacenotes/Rbr.ini/packages/Descriptive.ini/corners/Descriptive.ini,assets/bollinger_sounds
2077,PACENOTE,CORNERS,FAST_SCALE,5,5.ogg,3,,pacenotes/Rbr.ini/packages/Descriptive.ini/corners/Descriptive.ini,assets/bollinger_sounds
2078,PACENOTE,CORNERS,EM_SCALE,4+,four_plus.ogg,3,,pacenotes/Rbr.ini/packages/Descriptive.ini/corners/Descriptive.ini,assets/bollinger_sounds
2079,PACENOTE,CORNERS,PLUS_SCALE,3+,three_plus.ogg,3,,pacenotes/Rbr.ini/packages/Descriptive.ini/corners/Descriptive.ini,assets/bollinger_sounds
2080,PACENOTE,CORNERS,K_SCALE,3,3.ogg,3,,pacenotes/Rbr.ini/packages/Descriptive.ini/corners/Descriptive.ini,assets/bollinger_sounds
2081,PACENOTE,CORNERS,SQUARE_SCALE,2,2.ogg,3,,pacenotes/Rbr.ini/packages/Descriptive.ini/corners/Descriptive.ini,assets/bollinger_sounds
2082,PACENOTE,CORNERS,MINUS_SCALE,1+,one_plus.ogg,3,,pacenotes/Rbr.ini/packages/Descriptive.ini/corners/Descriptive.ini,assets/bollinger_sounds
2083,PACENOTE,CORNERS,SLOW_SCALE,1,1.ogg,3,,pacenotes/Rbr.ini/packages/Descriptive.ini/corners/Descriptive.ini,assets/bollinger_sounds
2084,PACENOTE,CORNERS,VERYSLOW_SCALE,Hairpin+,hairpin_plus.ogg,2,,pacenotes/Rbr.ini/packages/Descriptive.ini/corners/Descriptive.ini,assets/bollinger_sounds
2085,PACENOTE,ADDITIONAL,REMEMBER,Remember,remember1.ogg,2,,pacenotes/Rbr.ini/packages/Extended.ini/additional/Extended.ini,assets/Jannemod V3 - Public test_v1.1/English/English Numeric A/Plugins/Pacenote/sounds/Janne Laahanen EnNu A
2086,PACENOTE,ADDITIONAL,PATIENT,Patient,patient1.ogg,2,,pacenotes/Rbr.ini/packages/Extended.ini/additional/Extended.ini,assets/Jannemod V3 - Public test_v1.1/English/English Numeric A/Plugins/Pacenote/sounds/Janne Laahanen EnNu A
2087,PACENOTE,OBSTACLES,SMALL_JUMP,Small Jump,jump_small.ogg,3,,pacenotes/Rbr.ini/packages/Extended.ini/obstacles/Extended.ini,assets/bollinger_sounds
2088,PACENOTE,OBSTACLES,OVER_BIG_JUMP,Over Big Jump,jump_big.ogg,3,,pacenotes/Rbr.ini/packages/Extended.ini/obstacles/Extended.ini,assets/bollinger_sounds
2089,PACENOTE,OBSTACLES,CONTINUESOVERSMALLCREST,Continues Over Small Crest,continuesovercrest_small.ogg,1,,pacenotes/Rbr.ini/packages/Extended.ini/obstacles/Extended.ini,assets/bollinger_sounds
2090,PACENOTE,OBSTACLES,LONGCREST,Long Crest,long_crest.ogg,3,,pacenotes/Rbr.ini/packages/Extended.ini/obstacles/Extended.ini,assets/bollinger_sounds
2091,PACENOTE,OBSTACLES,RUT,Rut,ruts.ogg,3,,pacenotes/Rbr.ini/packages/Extended.ini/obstacles/Extended.ini,assets/bollinger_sounds
2092,PACENOTE,OBSTACLES,TO_BUMP,(Jump) To Bump,onto_bump.ogg,3,,pacenotes/Rbr.ini/packages/Extended.ini/obstacles/Extended.ini,assets/bollinger_sounds
2093,PACENOTE,LINE,TWISTY_FROMLEFT,Twisty From Left,twisty_left.ogg,3,,pacenotes/Rbr.ini/packages/Extended.ini/line/Extended.ini,assets/bollinger_sounds
2094,PACENOTE,LINE,TWISTY_FROMRIGHT,Twisty From Right,twisty_right.ogg,3,,pacenotes/Rbr.ini/packages/Extended.ini/line/Extended.ini,assets/bollinger_sounds
2095,PACENOTE,LINE,DONTBLOCK,Post,post.ogg,3,,pacenotes/Rbr.ini/packages/Extended.ini/line/Extended.ini,assets/bollinger_sounds
2096,PACENOTE,LINE,GRIP_MIDDLE,Grip Middle,grip_keepmiddle.ogg,3,,pacenotes/Rbr.ini/packages/Extended.ini/line/Extended.ini,assets/bollinger_sounds
2097,PACENOTE,LINE,GRIP_IN,Grip In,grip_inside.ogg,3,,pacenotes/Rbr.ini/packages/Extended.ini/line/Extended.ini,assets/bollinger_sounds
2098,PACENOTE,LINE,GRIP_OUT,Grip Out,grip_outside.ogg,3,,pacenotes/Rbr.ini/packages/Extended.ini/line/Extended.ini,assets/bollinger_sounds
2099,PACENOTE,LINE,GO_ROUND,Go Round,round.ogg,3,,pacenotes/Rbr.ini/packages/Extended.ini/line/Extended.ini,assets/bollinger_sounds
2100,PACENOTE,LINE,FROM_LEFT,From Left,at_left.ogg,3,,pacenotes/Rbr.ini/packages/Extended.ini/line/Extended.ini,assets/bollinger_sounds
2101,PACENOTE,LINE,FROM_RIGHT,From Right,at_right.ogg,3,,pacenotes/Rbr.ini/packages/Extended.ini/line/Extended.ini,assets/bollinger_sounds
2102,PACENOTE,ADDITIONAL,DOUBLE,Double,very.ogg,3,,pacenotes/Rbr.ini/packages/Extended.ini/additional/Extended.ini,assets/bollinger_sounds
2103,PACENOTE,ADDITIONAL,HALF_LONG,Halflong,half_long.ogg,1,,pacenotes/Rbr.ini/packages/Extended.ini/additional/Extended.ini,assets/bollinger_sounds
2104,PACENOTE,ADJECTIVES,NIU_LOIVA_ALKU,Late (NIU),late.ogg,3,,pacenotes/Rbr.ini/packages/Extended.ini/adjectives/Extended.ini,assets/bollinger_sounds
2105,PACENOTE,LINKS,TO_FINISH,To Finish,until_finish.ogg,3,,pacenotes/Rbr.ini/packages/Extended.ini/links/Extended.ini,assets/bollinger_sounds
2106,PACENOTE,OBSTACLES,FLAT_JUMP,Sprung Voll,jumpfull.ogg,1,,pacenotes/Rbr.ini/packages/Extended.ini/obstacles/Extended.ini,assets/bollinger_sounds
2107,PACENOTE,OBSTACLES,JUMP_DAB,Jump Dab,jump_brake.ogg,3,,pacenotes/Rbr.ini/packages/Extended.ini/obstacles/Extended.ini,assets/bollinger_sounds
2108,PACENOTE,OBSTACLES,OVER_JUMP,Über Sprung,overjump.ogg,1,,pacenotes/Rbr.ini/packages/Extended.ini/obstacles/Extended.ini,assets/bollinger_sounds
2109,PACENOTE,OBSTACLES,SMALL_CREST,Kuppe Klein,smallcrest.ogg,1,,pacenotes/Rbr.ini/packages/Extended.ini/obstacles/Extended.ini,assets/bollinger_sounds
2110,PACENOTE,LINKS,DIST21,21,21_1.ogg,4,,pacenotes/Rbr.ini/packages/Extended.ini/links/Extended.ini,assets/Jannemod V3 - Public test_v1.1/English/English Numeric A/Plugins/Pacenote/sounds/Janne Laahanen EnNu A
2111,PACENOTE,LINKS,DIST31,31,31_1.ogg,4,,pacenotes/Rbr.ini/packages/Extended.ini/links/Extended.ini,assets/Jannemod V3 - Public test_v1.1/English/English Numeric A/Plugins/Pacenote/sounds/Janne Laahanen EnNu A
2112,PACENOTE,LINKS,DIST41,41,41_1.ogg,4,,pacenotes/Rbr.ini/packages/Extended.ini/links/Extended.ini,assets/Jannemod V3 - Public test_v1.1/English/English Numeric A/Plugins/Pacenote/sounds/Janne Laahanen EnNu A
2113,PACENOTE,LINKS,DIST51,51,51_1.ogg,4,,pacenotes/Rbr.ini/packages/Extended.ini/links/Extended.ini,assets/Jannemod V3 - Public test_v1.1/English/English Numeric A/Plugins/Pacenote/sounds/Janne Laahanen EnNu A
2114,PACENOTE,LINKS,DIST61,61,61_1.ogg,4,,pacenotes/Rbr.ini/packages/Extended.ini/links/Extended.ini,assets/Jannemod V3 - Public test_v1.1/English/English Numeric A/Plugins/Pacenote/sounds/Janne Laahanen EnNu A
2115,PACENOTE,LINKS,DIST71,71,71_1.ogg,4,,pacenotes/Rbr.ini/packages/Extended.ini/links/Extended.ini,assets/Jannemod V3 - Public test_v1.1/English/English Numeric A/Plugins/Pacenote/sounds/Janne Laahanen EnNu A
2116,PACENOTE,LINKS,DIST81,81,81_1.ogg,4,,pacenotes/Rbr.ini/packages/Extended.ini/links/Extended.ini,assets/Jannemod V3 - Public test_v1.1/English/English Numeric A/Plugins/Pacenote/sounds/Janne Laahanen EnNu A
2117,PACENOTE,LINKS,DIST101,101,101_1.ogg,4,,pacenotes/Rbr.ini/packages/Extended.ini/links/Extended.ini,assets/Jannemod V3 - Public test_v1.1/English/English Numeric A/Plugins/Pacenote/sounds/Janne Laahanen EnNu A
2118,PACENOTE,LINKS,DIST121,121,121_1.ogg,4,,pacenotes/Rbr.ini/packages/Extended.ini/links/Extended.ini,assets/Jannemod V3 - Public test_v1.1/English/English Numeric A/Plugins/Pacenote/sounds/Janne Laahanen EnNu A
2119,PACENOTE,LINKS,DIST141,141,141_1.ogg,4,,pacenotes/Rbr.ini/packages/Extended.ini/links/Extended.ini,assets/Jannemod V3 - Public test_v1.1/English/English Numeric A/Plugins/Pacenote/sounds/Janne Laahanen EnNu A
2120,PACENOTE,LINKS,DIST151,151,151_1.ogg,4,,pacenotes/Rbr.ini/packages/Extended.ini/links/Extended.ini,assets/Jannemod V3 - Public test_v1.1/English/English Numeric A/Plugins/Pacenote/sounds/Janne Laahanen EnNu A
2121,PACENOTE,LINKS,DIST161,161,161_1.ogg,4,,pacenotes/Rbr.ini/packages/Extended.ini/links/Extended.ini,assets/Jannemod V3 - Public test_v1.1/English/English Numeric A/Plugins/Pacenote/sounds/Janne Laahanen EnNu A
2122,PACENOTE,LINKS,DIST181,181,181_1.ogg,4,,pacenotes/Rbr.ini/packages/Extended.ini/links/Extended.ini,assets/Jannemod V3 - Public test_v1.1/English/English Numeric A/Plugins/Pacenote/sounds/Janne Laahanen EnNu A
2123,PACENOTE,LINKS,DIST201,201,201_1.ogg,4,,pacenotes/Rbr.ini/packages/Extended.ini/links/Extended.ini,assets/Jannemod V3 - Public test_v1.1/English/English Numeric A/Plugins/Pacenote/sounds/Janne Laahanen EnNu A
2124,PACENOTE,LINKS,DIST251,251,251_1.ogg,4,,pacenotes/Rbr.ini/packages/Extended.ini/links/Extended.ini,assets/Jannemod V3 - Public test_v1.1/English/English Numeric A/Plugins/Pacenote/sounds/Janne Laahanen EnNu A
2125,PACENOTE,LINKS,DIST301,301,301_1.ogg,4,,pacenotes/Rbr.ini/packages/Extended.ini/links/Extended.ini,assets/Jannemod V3 - Public test_v1.1/English/English Numeric A/Plugins/Pacenote/sounds/Janne Laahanen EnNu A
2126,PACENOTE,LINKS,DIST351,351,351_1.ogg,4,,pacenotes/Rbr.ini/packages/Extended.ini/links/Extended.ini,assets/Jannemod V3 - Public test_v1.1/English/English Numeric A/Plugins/Pacenote/sounds/Janne Laahanen EnNu A
2127,PACENOTE,LINKS,DIST401,401,401_1.ogg,4,,pacenotes/Rbr.ini/packages/Extended.ini/links/Extended.ini,assets/Jannemod V3 - Public test_v1.1/English/English Numeric A/Plugins/Pacenote/sounds/Janne Laahanen EnNu A
2128,PACENOTE,LINKS,DIST451,451,451_1.ogg,4,,pacenotes/Rbr.ini/packages/Extended.ini/links/Extended.ini,assets/Jannemod V3 - Public test_v1.1/English/English Numeric A/Plugins/Pacenote/sounds/Janne Laahanen EnNu A
2129,PACENOTE,LINKS,DIST501,501,501_1.ogg,4,,pacenotes/Rbr.ini/packages/Extended.ini/links/Extended.ini,assets/Jannemod V3 - Public test_v1.1/English/English Numeric A/Plugins/Pacenote/sounds/Janne Laahanen EnNu A
2130,PACENOTE,LINKS,DIST601,601,601_1.ogg,4,,pacenotes/Rbr.ini/packages/Extended.ini/links/Extended.ini,assets/Jannemod V3 - Public test_v1.1/English/English Numeric A/Plugins/Pacenote/sounds/Janne Laahanen EnNu A
2131,PACENOTE,LINKS,DIST701,701,701_1.ogg,4,,pacenotes/Rbr.ini/packages/Extended.ini/links/Extended.ini,assets/Jannemod V3 - Public test_v1.1/English/English Numeric A/Plugins/Pacenote/sounds/Janne Laahanen EnNu A
2132,PACENOTE,LINKS,DIST801,801,801_1.ogg,4,,pacenotes/Rbr.ini/packages/Extended.ini/links/Extended.ini,assets/Jannemod V3 - Public test_v1.1/English/English Numeric A/Plugins/Pacenote/sounds/Janne Laahanen EnNu A
2133,PACENOTE,LINKS,DIST901,901,901_1.ogg,4,,pacenotes/Rbr.ini/packages/Extended.ini/links/Extended.ini,assets/Jannemod V3 - Public test_v1.1/English/English Numeric A/Plugins/Pacenote/sounds/Janne Laahanen EnNu A
2134,PACENOTE,LINKS,DIST1001,1001,1001_1.ogg,4,,pacenotes/Rbr.ini/packages/Extended.ini/links/Extended.ini,assets/Jannemod V3 - Public test_v1.1/English/English Numeric A/Plugins/Pacenote/sounds/Janne Laahanen EnNu A
2135,PACENOTE,CONSTRUCTION,BALE_IN,Bale In,bale_in1.ogg,2,,pacenotes/Rbr.ini/packages/Extended.ini/construction/Extended.ini,assets/Jannemod V3 - Public test_v1.1/English/English Numeric A/Plugins/Pacenote/sounds/Janne Laahanen EnNu A
2136,PACENOTE,CONSTRUCTION,BALE_OUT,Bale Out,bale_out1.ogg,2,,pacenotes/Rbr.ini/packages/Extended.ini/construction/Extended.ini,assets/Jannemod V3 - Public test_v1.1/English/English Numeric A/Plugins/Pacenote/sounds/Janne Laahanen EnNu A
2137,PACENOTE,CONSTRUCTION,TIRES_IN,Tires In,tires_in1.ogg,2,,pacenotes/Rbr.ini/packages/Extended.ini/construction/Extended.ini,assets/Jannemod V3 - Public test_v1.1/English/English Numeric A/Plugins/Pacenote/sounds/Janne Laahanen EnNu A
2138,PACENOTE,CONSTRUCTION,TIRES_OUT,Tires Out,tires_out1.ogg,2,,pacenotes/Rbr.ini/packages/Extended.ini/construction/Extended.ini,assets/Jannemod V3 - Public test_v1.1/English/English Numeric A/Plugins/Pacenote/sounds/Janne Laahanen EnNu A
2139,PACENOTE,CONSTRUCTION,ROCK_IN,Stone In,rock_inside.ogg,3,,pacenotes/Rbr.ini/packages/Extended.ini/construction/Extended.ini,assets/bollinger_sounds
2140,PACENOTE,CONSTRUCTION,ROCK_OUT,Stone Out,rock_outside.ogg,3,,pacenotes/Rbr.ini/packages/Extended.ini/construction/Extended.ini,assets/bollinger_sounds
2141,PACENOTE,CONSTRUCTION,FENCE_IN,Fence In,fence_in1.ogg,2,,pacenotes/Rbr.ini/packages/Extended.ini/construction/Extended.ini,assets/Jannemod V3 - Public test_v1.1/English/English Numeric A/Plugins/Pacenote/sounds/Janne Laahanen EnNu A
2142,PACENOTE,CONSTRUCTION,FENCE_OUT,Fence Out,fence_out1.ogg,2,,pacenotes/Rbr.ini/packages/Extended.ini/construction/Extended.ini,assets/Jannemod V3 - Public test_v1.1/English/English Numeric A/Plugins/Pacenote/sounds/Janne Laahanen EnNu A
2143,PACENOTE,CONSTRUCTION,TREE_IN,Tree In,tree_inside.ogg,3,,pacenotes/Rbr.ini/packages/Extended.ini/construction/Extended.ini,assets/bollinger_sounds
2144,PACENOTE,CONSTRUCTION,TREE_OUT,Tree Out,tree_outside.ogg,3,,pacenotes/Rbr.ini/packages/Extended.ini/construction/Extended.ini,assets/bollinger_sounds
2145,PACENOTE,CONSTRUCTION,DITCH_IN,Ditch In,ditch_inside.ogg,3,,pacenotes/Rbr.ini/packages/Extended.ini/construction/Extended.ini,assets/bollinger_sounds
2146,PACENOTE,CONSTRUCTION,DITCH_OUT,Ditch Out,ditch_outside.ogg,3,,pacenotes/Rbr.ini/packages/Extended.ini/construction/Extended.ini,assets/bollinger_sounds
2147,PACENOTE,CONSTRUCTION,DROP_IN,Drop In,bumpy_inside.ogg,3,,pacenotes/Rbr.ini/packages/Extended.ini/construction/Extended.ini,assets/bollinger_sounds
2148,PACENOTE,CONSTRUCTION,DROP_OUT,Drop Out,bumpy_outside.ogg,3,,pacenotes/Rbr.ini/packages/Extended.ini/construction/Extended.ini,assets/bollinger_sounds
2149,PACENOTE,CONSTRUCTION,HOUSE_IN,House In,house_inside.ogg,3,,pacenotes/Rbr.ini/packages/Extended.ini/construction/Extended.ini,assets/bollinger_sounds
2150,PACENOTE,CONSTRUCTION,HOUSE_OUT,House Out,house_outside.ogg,3,,pacenotes/Rbr.ini/packages/Extended.ini/construction/Extended.ini,assets/bollinger_sounds
2151,PACENOTE,CONSTRUCTION,NIU_BARRIER_IN,Fence In (NIU),fence_inside.ogg,3,,pacenotes/Rbr.ini/packages/Extended.ini/construction/Extended.ini,assets/bollinger_sounds
2152,PACENOTE,CONSTRUCTION,NIU_BARRIER_OUT,Fence Out (NIU),fence_outside.ogg,3,,pacenotes/Rbr.ini/packages/Extended.ini/construction/Extended.ini,assets/bollinger_sounds
2153,PACENOTE,CONSTRUCTION,SIGN_IN,Sign In,sign_inside.ogg,3,,pacenotes/Rbr.ini/packages/Extended.ini/construction/Extended.ini,assets/bollinger_sounds
2154,PACENOTE,CONSTRUCTION,SIGN_OUT,Sign Out,sign_outside.ogg,3,,pacenotes/Rbr.ini/packages/Extended.ini/construction/Extended.ini,assets/bollinger_sounds
2155,PACENOTE,CONSTRUCTION,POST_IN,Post In,post_inside.ogg,3,,pacenotes/Rbr.ini/packages/Extended.ini/construction/Extended.ini,assets/bollinger_sounds
2156,PACENOTE,CONSTRUCTION,POST_OUT,Post Out,post_outside.ogg,3,,pacenotes/Rbr.ini/packages/Extended.ini/construction/Extended.ini,assets/bollinger_sounds
2157,PACENOTE,CONSTRUCTION,LOG_IN,Log In,stump_inside.ogg,3,,pacenotes/Rbr.ini/packages/Extended.ini/construction/Extended.ini,assets/bollinger_sounds
2158,PACENOTE,CONSTRUCTION,LOG_OUT,Log Out,stump_outside.ogg,3,,pacenotes/Rbr.ini/packages/Extended.ini/construction/Extended.ini,assets/bollinger_sounds
2159,PACENOTE,LINE,CUT_THROUGH,Cut Through,fullcut.ogg,3,,pacenotes/Rbr.ini/packages/Extended.ini/line/Extended.ini,assets/bollinger_sounds
2160,PACENOTE,PREPOSITIONS,AT_TREE,At Tree,at_tree.ogg,3,,pacenotes/Rbr.ini/packages/Extended.ini/prepositions/Extended.ini,assets/bollinger_sounds
2161,PACENOTE,PREPOSITIONS,AT_TREES,At Trees,at_tree.ogg,3,,pacenotes/Rbr.ini/packages/Extended.ini/prepositions/Extended.ini,assets/bollinger_sounds
2162,PACENOTE,PREPOSITIONS,AT_BALE,At Bale,at_bale1.ogg,2,,pacenotes/Rbr.ini/packages/Extended.ini/prepositions/Extended.ini,assets/Jannemod V3 - Public test_v1.1/English/English Numeric A/Plugins/Pacenote/sounds/Janne Laahanen EnNu A
2163,PACENOTE,PREPOSITIONS,AT_ROCK,At Rock,at_rock.ogg,3,,pacenotes/Rbr.ini/packages/Extended.ini/prepositions/Extended.ini,assets/bollinger_sounds
2164,PACENOTE,PREPOSITIONS,AT_GUARDRAIL,At Guardrail,at_guardrail1.ogg,2,,pacenotes/Rbr.ini/packages/Extended.ini/prepositions/Extended.ini,assets/Jannemod V3 - Public test_v1.1/English/English Numeric A/Plugins/Pacenote/sounds/Janne Laahanen EnNu A
2165,PACENOTE,PREPOSITIONS,AT_BANNER,At Banner,at_banner1.ogg,2,,pacenotes/Rbr.ini/packages/Extended.ini/prepositions/Extended.ini,assets/Jannemod V3 - Public test_v1.1/English/English Numeric A/Plugins/Pacenote/sounds/Janne Laahanen EnNu A
2166,PACENOTE,PREPOSITIONS,AT_TAPE,At Tape,at_tape1.ogg,2,,pacenotes/Rbr.ini/packages/Extended.ini/prepositions/Extended.ini,assets/Jannemod V3 - Public test_v1.1/English/English Numeric A/Plugins/Pacenote/sounds/Janne Laahanen EnNu A
2167,PACENOTE,PREPOSITIONS,AT_FENCE,At Fence,at_fence1.ogg,2,,pacenotes/Rbr.ini/packages/Extended.ini/prepositions/Extended.ini,assets/Jannemod V3 - Public test_v1.1/English/English Numeric A/Plugins/Pacenote/sounds/Janne Laahanen EnNu A
2168,PACENOTE,PREPOSITIONS,AT_FLAG,At Flag,at_flag1.ogg,2,,pacenotes/Rbr.ini/packages/Extended.ini/prepositions/Extended.ini,assets/Jannemod V3 - Public test_v1.1/English/English Numeric A/Plugins/Pacenote/sounds/Janne Laahanen EnNu A
2169,PACENOTE,PREPOSITIONS,AT_HOUSE,At House,at_house.ogg,3,,pacenotes/Rbr.ini/packages/Extended.ini/prepositions/Extended.ini,assets/bollinger_sounds
2170,PACENOTE,PREPOSITIONS,AT_SIGN,At Sign,at_sign.ogg,3,,pacenotes/Rbr.ini/packages/Extended.ini/prepositions/Extended.ini,assets/bollinger_sounds
2171,PACENOTE,PREPOSITIONS,AT_POST,At Post,at_post.ogg,3,,pacenotes/Rbr.ini/packages/Extended.ini/prepositions/Extended.ini,assets/bollinger_sounds
2172,PACENOTE,PREPOSITIONS,AT_JUNCTION,At Junction,at_junction.ogg,3,,pacenotes/Rbr.ini/packages/Extended.ini/prepositions/Extended.ini,assets/bollinger_sounds
2173,PACENOTE,PREPOSITIONS,AT_CREST,At Crest,at_crest.ogg,3,,pacenotes/Rbr.ini/packages/Extended.ini/prepositions/Extended.ini,assets/bollinger_sounds
2174,PACENOTE,PREPOSITIONS,AT_GATE,At Gate,at_gate1.ogg,2,,pacenotes/Rbr.ini/packages/Extended.ini/prepositions/Extended.ini,assets/Jannemod V3 - Public test_v1.1/English/English Numeric A/Plugins/Pacenote/sounds/Janne Laahanen EnNu A
2175,PACENOTE,PREPOSITIONS,AT_BRIDGE,At Bridge,at_bridge.ogg,3,,pacenotes/Rbr.ini/packages/Extended.ini/prepositions/Extended.ini,assets/bollinger_sounds
2176,PACENOTE,CAUTIONS,BRAKE_INTO,Brake Into,brake_into.ogg,3,,pacenotes/Rbr.ini/packages/Extended.ini/cautions/Extended.ini,assets/bollinger_sounds
2177,PACENOTE,CAUTIONS,BRAKE_AND,Brake And,brake_and.ogg,3,,pacenotes/Rbr.ini/packages/Extended.ini/cautions/Extended.ini,assets/bollinger_sounds
2178,PACENOTE,CAUTIONS,BRAKE_20,Brake 20,brake_in_20.ogg,3,,pacenotes/Rbr.ini/packages/Extended.ini/cautions/Extended.ini,assets/bollinger_sounds
2179,PACENOTE,CAUTIONS,BRAKE_30,Brake 30,brake_in_30.ogg,3,,pacenotes/Rbr.ini/packages/Extended.ini/cautions/Extended.ini,assets/bollinger_sounds
2180,PACENOTE,CAUTIONS,BRAKE_40,Brake 40,brake_in_40.ogg,3,,pacenotes/Rbr.ini/packages/Extended.ini/cautions/Extended.ini,assets/bollinger_sounds
2181,PACENOTE,CAUTIONS,BRAKE_50,Brake 50,brake_in_50.ogg,3,,pacenotes/Rbr.ini/packages/Extended.ini/cautions/Extended.ini,assets/bollinger_sounds
2182,PACENOTE,CAUTIONS,SLIPPY_BRAKING,Slippy Braking,slippy_at_brake.ogg,1,,pacenotes/Rbr.ini/packages/Extended.ini/cautions/Extended.ini,assets/bollinger_sounds
2183,PACENOTE,CAUTIONS,SLIPPY_ENTRY,Slippy Entry,slippy_entry.ogg,1,,pacenotes/Rbr.ini/packages/Extended.ini/cautions/Extended.ini,assets/bollinger_sounds
2184,PACENOTE,CAUTIONS,SLIPPY_EXIT,Slippy Exit,slippy_exit1.ogg,2,,pacenotes/Rbr.ini/packages/Extended.ini/cautions/Extended.ini,assets/Jannemod V3 - Public test_v1.1/English/English Numeric A/Plugins/Pacenote/sounds/Janne Laahanen EnNu A
2185,PACENOTE,ADDITIONAL,SUMPPU,Sumppu,sumppu.ogg,1,,pacenotes/Rbr.ini/packages/Extended.ini/additional/Extended.ini,assets/bollinger_sounds
2186,PACENOTE,ADDITIONAL,WIDENS,Widens,wideout.ogg,3,,pacenotes/Rbr.ini/packages/Extended.ini/additional/Extended.ini,assets/bollinger_sounds
2187,PACENOTE,ADJECTIVES,TIGHTENSSUMPPU,Tightens Sumppu,tightens_sumppu.ogg,1,,pacenotes/Rbr.ini/packages/Extended.ini/adjectives/Extended.ini,assets/bollinger_sounds
2188,PACENOTE,OBSTACLES,JUMP_MAYBE,Jump Maybe,jump_maybe.ogg,3,,pacenotes/Rbr.ini/packages/Extended.ini/obstacles/Extended.ini,assets/bollinger_sounds
2189,PACENOTE,OBSTACLES,OVER_SMALL_JUMP,Over Small Jump,over_jump_small.ogg,3,,pacenotes/Rbr.ini/packages/Extended.ini/obstacles/Extended.ini,assets/bollinger_sounds
2190,PACENOTE,OBSTACLES,OVER_JUMP_DAB,Over Jump Dab,over_jump_brake.ogg,3,,pacenotes/Rbr.ini/packages/Extended.ini/obstacles/Extended.ini,assets/bollinger_sounds
2191,PACENOTE,OBSTACLES,OVERSMALLCREST,Over Small Crest,over_small_crest.ogg,3,,pacenotes/Rbr.ini/packages/Extended.ini/obstacles/Extended.ini,assets/bollinger_sounds
2192,PACENOTE,OBSTACLES,OVERLONGCREST,Over Long Crest,over_long_crest.ogg,3,,pacenotes/Rbr.ini/packages/Extended.ini/obstacles/Extended.ini,assets/bollinger_sounds
2193,PACENOTE,OBSTACLES,OVERTWOCRESTS,Over Two Crests,over_2_crest.ogg,3,,pacenotes/Rbr.ini/packages/Extended.ini/obstacles/Extended.ini,assets/bollinger_sounds
2194,PACENOTE,OBSTACLES,OVERTHREECRESTS,Over Three Crests,over_3_crest.ogg,3,,pacenotes/Rbr.ini/packages/Extended.ini/obstacles/Extended.ini,assets/bollinger_sounds
2195,PACENOTE,OBSTACLES,DOUBLECREST,Double Crest,double_crest.ogg,1,,pacenotes/Rbr.ini/packages/Extended.ini/obstacles/Extended.ini,assets/bollinger_sounds
2196,PACENOTE,OBSTACLES,DOUBLE_JUMP,Double Jump,double_jump.ogg,3,,pacenotes/Rbr.ini/packages/Extended.ini/obstacles/Extended.ini,assets/bollinger_sounds
2197,PACENOTE,LINE,ONTO_STRAIGHT,Onto Straight,onto_gostraight.ogg,3,,pacenotes/Rbr.ini/packages/Extended.ini/line/Extended.ini,assets/bollinger_sounds
2198,PACENOTE,PREPOSITIONS,AT_EXIT,At Exit,at_exit1.ogg,2,,pacenotes/Rbr.ini/packages/Extended.ini/prepositions/Extended.ini,assets/Jannemod V3 - Public test_v1.1/English/English Numeric A/Plugins/Pacenote/sounds/Janne Laahanen EnNu A
2199,PACENOTE,PREPOSITIONS,AT_OPENING,At Opening,at_opening1.ogg,2,,pacenotes/Rbr.ini/packages/Extended.ini/prepositions/Extended.ini,assets/Jannemod V3 - Public test_v1.1/English/English Numeric A/Plugins/Pacenote/sounds/Janne Laahanen EnNu A
2200,PACENOTE,CONSTRUCTION,LOGS_IN,Logs In,logs_in1.ogg,2,,pacenotes/Rbr.ini/packages/Extended.ini/construction/Extended.ini,assets/Jannemod V3 - Public test_v1.1/English/English Numeric A/Plugins/Pacenote/sounds/Janne Laahanen EnNu A
2201,PACENOTE,CONSTRUCTION,LOGS_OUT,Logs Out,logs_out1.ogg,2,,pacenotes/Rbr.ini/packages/Extended.ini/construction/Extended.ini,assets/Jannemod V3 - Public test_v1.1/English/English Numeric A/Plugins/Pacenote/sounds/Janne Laahanen EnNu A
2202,PACENOTE,CORNERS,SHORT_LEFT,Short Left,short_left.ogg,3,,pacenotes/Rbr.ini/packages/Descriptive.ini/corners/Descriptive.ini,assets/bollinger_sounds
2203,PACENOTE,CORNERS,SHORT_RIGHT,Short Right,short_right.ogg,3,,pacenotes/Rbr.ini/packages/Descriptive.ini/corners/Descriptive.ini,assets/bollinger_sounds
2204,PACENOTE,CAUTIONS,SLIPPERY_MAYBE,Maybe Slippy,slippy_maybe.ogg,1,,pacenotes/Rbr.ini/packages/Extended.ini/cautions/Extended.ini,assets/bollinger_sounds
2205,PACENOTE,CORNERS,DONUT_RIGHT,Donut Right,donut_right1.ogg,4,,pacenotes/Rbr.ini/packages/Descriptive.ini/corners/Descriptive.ini,assets/Jannemod V3 - Public test_v1.1/English/English Numeric A/Plugins/Pacenote/sounds/Janne Laahanen EnNu A
2206,PACENOTE,CORNERS,DONUT_LEFT,Donut Left,donut_left1.ogg,4,,pacenotes/Rbr.ini/packages/Descriptive.ini/corners/Descriptive.ini,assets/Jannemod V3 - Public test_v1.1/English/English Numeric A/Plugins/Pacenote/sounds/Janne Laahanen EnNu A
2207,PACENOTE,CORNERS,HP_SCALE,Hairpin,hairpin.ogg,2,,pacenotes/Rbr.ini/packages/Descriptive.ini/corners/Descriptive.ini,assets/bollinger_sounds
2208,PACENOTE,CORNERS,ACUTE_SCALE,Acute,sharp.ogg,3,,pacenotes/Rbr.ini/packages/Descriptive.ini/corners/Descriptive.ini,assets/bollinger_sounds
2209,PACENOTE,ADDITIONAL,PAST_JUNCTION,Past Junction,after_junction.ogg,3,,pacenotes/Rbr.ini/packages/Extended.ini/additional/Extended.ini,assets/bollinger_sounds
2210,PACENOTE,OBSTACLES,ONTO_BRIDGE,Onto Bridge,onto_bridge.ogg,3,,pacenotes/Rbr.ini/packages/Extended.ini/obstacles/Extended.ini,assets/bollinger_sounds
2211,PACENOTE,OBSTACLES,NARROW_BRIDGE,Narrow Bridge,narrow_bridge.ogg,1,,pacenotes/Rbr.ini/packages/Extended.ini/obstacles/Extended.ini,assets/bollinger_sounds
2212,PACENOTE,OBSTACLES,ONTO_NARROW_BRIDGE,Onto Narrow Bridge,onto_bridge_narrow.ogg,1,,pacenotes/Rbr.ini/packages/Extended.ini/obstacles/Extended.ini,assets/bollinger_sounds
2213,PACENOTE,OBSTACLES,THROUGH_GATE,Through Gate,through_gate1.ogg,2,,pacenotes/Rbr.ini/packages/Extended.ini/obstacles/Extended.ini,assets/Jannemod V3 - Public test_v1.1/English/English Numeric A/Plugins/Pacenote/sounds/Janne Laahanen EnNu A
2214,PACENOTE,OBSTACLES,NARROW_GATE,Narrow Gate,narrow_gate1.ogg,2,,pacenotes/Rbr.ini/packages/Extended.ini/obstacles/Extended.ini,assets/Jannemod V3 - Public test_v1.1/English/English Numeric A/Plugins/Pacenote/sounds/Janne Laahanen EnNu A
2215,PACENOTE,OBSTACLES,THROUGH_NARROW_GATE,Through Narrow Gate,through_narrow_gate1.ogg,2,,pacenotes/Rbr.ini/packages/Extended.ini/obstacles/Extended.ini,assets/Jannemod V3 - Public test_v1.1/English/English Numeric A/Plugins/Pacenote/sounds/Janne Laahanen EnNu A
2216,PACENOTE,ADDITIONAL,EXTRAEXTRALONG,Very Very Long,very_very_long.ogg,1,,pacenotes/Rbr.ini/packages/Extended.ini/additional/Extended.ini,assets/bollinger_sounds
2217,PACENOTE,CAUTIONS,VERY_SLIPPY,Very Slippy,slippy_very.ogg,1,,pacenotes/Rbr.ini/packages/Extended.ini/cautions/Extended.ini,assets/bollinger_sounds
2218,PACENOTE,PREPOSITIONS,AT_BUSH,At Bush,at_bush.ogg,3,,pacenotes/Rbr.ini/packages/Extended.ini/prepositions/Extended.ini,assets/bollinger_sounds
2219,PACENOTE,ADDITIONAL,BIG_SUMPPU,Big Sumppu,big_sumppu.ogg,1,,pacenotes/Rbr.ini/packages/Extended.ini/additional/Extended.ini,assets/bollinger_sounds
2220,PACENOTE,ADDITIONAL,SMALL_SUMPPU,Small Sumppu,small_sumppu.ogg,1,,pacenotes/Rbr.ini/packages/Extended.ini/additional/Extended.ini,assets/bollinger_sounds
2221,PACENOTE,ADDITIONAL,ONTO_NARROWER_ROAD,Onto Narrower,onto_narrows.ogg,3,,pacenotes/Rbr.ini/packages/Extended.ini/additional/Extended.ini,assets/bollinger_sounds
2222,PACENOTE,ADDITIONAL,ONTO_WIDER_ROAD,Onto Wider,onto_wideout.ogg,3,,pacenotes/Rbr.ini/packages/Extended.ini/additional/Extended.ini,assets/bollinger_sounds
2223,PACENOTE,DRIVING,LIFT,Lift,slowing.ogg,1,,pacenotes/Rbr.ini/packages/Extended.ini/driving/Extended.ini,assets/bollinger_sounds
2224,PACENOTE,LINKS,AGAIN,Again,again1.ogg,4,,pacenotes/Rbr.ini/packages/Extended.ini/links/Extended.ini,assets/Jannemod V3 - Public test_v1.1/English/English Numeric A/Plugins/Pacenote/sounds/Janne Laahanen EnNu A
2225,PACENOTE,OBSTACLES,TO_CREST,To Crest,on_crest.ogg,3,,pacenotes/Rbr.ini/packages/Extended.ini/obstacles/Extended.ini,assets/bollinger_sounds
2226,PACENOTE,CORNERS,LEFT_OVER,Left Over_(dist.),left_over.ogg,3,,pacenotes/Rbr.ini/packages/Descriptive.ini/corners/Descriptive.ini,assets/bollinger_sounds
2227,PACENOTE,CORNERS,RIGHT_OVER,Right Over_(dist.),right_over.ogg,3,,pacenotes/Rbr.ini/packages/Descriptive.ini/corners/Descriptive.ini,assets/bollinger_sounds
2228,PACENOTE,CAUTIONS,PRECISE,Precise,exact.ogg,3,,pacenotes/Rbr.ini/packages/Extended.ini/cautions/Extended.ini,assets/bollinger_sounds
2229,PACENOTE,LINE,STAY_OUT,Stay Out,keep_out.ogg,1,,pacenotes/Rbr.ini/packages/Extended.ini/line/Extended.ini,assets/bollinger_sounds
2230,PACENOTE,CAUTIONS,BUMPY_BRAKING,Bumpy Braking,bumps_at_brake.ogg,3,,pacenotes/Rbr.ini/packages/Extended.ini/cautions/Extended.ini,assets/bollinger_sounds
2231,PACENOTE,OBSTACLES,OVER_NARROW_BRIDGE,Over Narrow Bridge,over_bridge_narrow.ogg,1,,pacenotes/Rbr.ini/packages/Extended.ini/obstacles/Extended.ini,assets/bollinger_sounds
2232,PACENOTE,SURFACE,GETS_ROUGHER,Gets Rougher,gets_rougher1.ogg,2,,pacenotes/Rbr.ini/packages/Extended.ini/surface/Extended.ini,assets/Jannemod V3 - Public test_v1.1/English/English Numeric A/Plugins/Pacenote/sounds/Janne Laahanen EnNu A
2233,PACENOTE,SURFACE,GETS_SMOOTHER,Gets Smoother,gets_smoother1.ogg,2,,pacenotes/Rbr.ini/packages/Extended.ini/surface/Extended.ini,assets/Jannemod V3 - Public test_v1.1/English/English Numeric A/Plugins/Pacenote/sounds/Janne Laahanen EnNu A
2234,PACENOTE,ADDITIONAL,GETS_FASTER,Gets Faster,gets_faster1.ogg,2,,pacenotes/Rbr.ini/packages/Extended.ini/additional/Extended.ini,assets/Jannemod V3 - Public test_v1.1/English/English Numeric A/Plugins/Pacenote/sounds/Janne Laahanen EnNu A
2235,PACENOTE,ADDITIONAL,GETS_SLOWER,Gets Slower,gets_slower1.ogg,2,,pacenotes/Rbr.ini/packages/Extended.ini/additional/Extended.ini,assets/Jannemod V3 - Public test_v1.1/English/English Numeric A/Plugins/Pacenote/sounds/Janne Laahanen EnNu A
2236,PACENOTE,SURFACE,SURFACE_CHANGE,Surface Change,surface_change1.ogg,2,,pacenotes/Rbr.ini/packages/Extended.ini/surface/Extended.ini,assets/Jannemod V3 - Public test_v1.1/English/English Numeric A/Plugins/Pacenote/sounds/Janne Laahanen EnNu A
2237,PACENOTE,OBSTACLES,BUMPS_OVER,Bumps Over_(dist.),bumps_over1.ogg,2,,pacenotes/Rbr.ini/packages/Extended.ini/obstacles/Extended.ini,assets/Jannemod V3 - Public test_v1.1/English/English Numeric A/Plugins/Pacenote/sounds/Janne Laahanen EnNu A
2238,PACENOTE,OBSTACLES,OVER_ROCKS,Over Rocks,over_rocks1.ogg,2,,pacenotes/Rbr.ini/packages/Extended.ini/obstacles/Extended.ini,assets/Jannemod V3 - Public test_v1.1/English/English Numeric A/Plugins/Pacenote/sounds/Janne Laahanen EnNu A
2239,PACENOTE,SURFACE,ONTO_FIELD,Onto Field,onto_field1.ogg,2,,pacenotes/Rbr.ini/packages/Extended.ini/surface/Extended.ini,assets/Jannemod V3 - Public test_v1.1/English/English Numeric A/Plugins/Pacenote/sounds/Janne Laahanen EnNu A
2240,PACENOTE,ADDITIONAL,FICKLE,Fickle,fickle1.ogg,2,,pacenotes/Rbr.ini/packages/Extended.ini/additional/Extended.ini,assets/Jannemod V3 - Public test_v1.1/English/English Numeric A/Plugins/Pacenote/sounds/Janne Laahanen EnNu A
2241,PACENOTE,OBSTACLES,TO_JUMP,To Jump,onto_jump.ogg,3,,pacenotes/Rbr.ini/packages/Extended.ini/obstacles/Extended.ini,assets/bollinger_sounds
2242,PACENOTE,LINE,DOUBLE_DONT,Double Don't,double_dont1.ogg,2,,pacenotes/Rbr.ini/packages/Extended.ini/line/Extended.ini,assets/Jannemod V3 - Public test_v1.1/English/English Numeric A/Plugins/Pacenote/sounds/Janne Laahanen EnNu A
2243,PACENOTE,LINE,TRIPLE_DONT,Triple Don't,triple_dont1.ogg,2,,pacenotes/Rbr.ini/packages/Extended.ini/line/Extended.ini,assets/Jannemod V3 - Public test_v1.1/English/English Numeric A/Plugins/Pacenote/sounds/Janne Laahanen EnNu A
2244,PACENOTE,ADDITIONAL,IMPORTANT,Important,important1.ogg,2,,pacenotes/Rbr.ini/packages/Extended.ini/additional/Extended.ini,assets/Jannemod V3 - Public test_v1.1/English/English Numeric A/Plugins/Pacenote/sounds/Janne Laahanen EnNu A
2245,PACENOTE,OBSTACLES,CREST_TO_LEFT,Crest To Left,crest_left.ogg,3,,pacenotes/Rbr.ini/packages/Extended.ini/obstacles/Extended.ini,assets/bollinger_sounds
2246,PACENOTE,OBSTACLES,CREST_TO_RIGHT,Crest To Right,crest_right.ogg,3,,pacenotes/Rbr.ini/packages/Extended.ini/obstacles/Extended.ini,assets/bollinger_sounds
2247,PACENOTE,CORNERS,MEDIUM_SCALE,4,4.ogg,3,,pacenotes/Rbr.ini/packages/Descriptive.ini/corners/Descriptive.ini,assets/bollinger_sounds
2248,PACENOTE,ADDITIONAL,FUCKINGLONG,Fucking Long,fuckinglong1.ogg,3,,pacenotes/Rbr.ini/packages/Extended.ini/additional/Extended.ini,assets/Jannemod V3 - Public test_v1.1/English/English Numeric A/Plugins/Pacenote/sounds/Janne Laahanen EnNu A
2249,PACENOTE,ADJECTIVES,TIGHTENSVERYVERYLONG,Tightens Very Very Long,tightens_veryverylong1.ogg,2,,pacenotes/Rbr.ini/packages/Extended.ini/adjectives/Extended.ini,assets/Jannemod V3 - Public test_v1.1/English/English Numeric A/Plugins/Pacenote/sounds/Janne Laahanen EnNu A
2250,PACENOTE,ADJECTIVES,TIGHTENSFUCKINGLONG,Tightens Fucking Long,tightens_fuckinglong1.ogg,2,,pacenotes/Rbr.ini/packages/Extended.ini/adjectives/Extended.ini,assets/Jannemod V3 - Public test_v1.1/English/English Numeric A/Plugins/Pacenote/sounds/Janne Laahanen EnNu A
2251,PACENOTE,ADJECTIVES,OPENSVERYVERYLONG,Opens Very Very Long,opens_veryverylong1.ogg,2,,pacenotes/Rbr.ini/packages/Extended.ini/adjectives/Extended.ini,assets/Jannemod V3 - Public test_v1.1/English/English Numeric A/Plugins/Pacenote/sounds/Janne Laahanen EnNu A
2252,PACENOTE,ADJECTIVES,OPENSFUCKINGLONG,Opens Fucking Long,opens_fuckinglong1.ogg,2,,pacenotes/Rbr.ini/packages/Extended.ini/adjectives/Extended.ini,assets/Jannemod V3 - Public test_v1.1/English/English Numeric A/Plugins/Pacenote/sounds/Janne Laahanen EnNu A
2253,PACENOTE,ADJECTIVES,TIGHTENSSHARP,Tightens Sharp,tightens_sharp1.ogg,2,,pacenotes/Rbr.ini/packages/Extended.ini/adjectives/Extended.ini,assets/Jannemod V3 - Public test_v1.1/English/English Numeric A/Plugins/Pacenote/sounds/Janne Laahanen EnNu A
2254,PACENOTE,ADJECTIVES,TIGHTENSROUND,Tightens Round,tightens_round1.ogg,2,,pacenotes/Rbr.ini/packages/Extended.ini/adjectives/Extended.ini,assets/Jannemod V3 - Public test_v1.1/English/English Numeric A/Plugins/Pacenote/sounds/Janne Laahanen EnNu A
2255,PACENOTE,ADJECTIVES,OPENSSHARP,Opens Sharp,opens_sharp1.ogg,2,,pacenotes/Rbr.ini/packages/Extended.ini/adjectives/Extended.ini,assets/Jannemod V3 - Public test_v1.1/English/English Numeric A/Plugins/Pacenote/sounds/Janne Laahanen EnNu A
2256,PACENOTE,ADJECTIVES,OPENSROUND,Opens Round,opens_round1.ogg,2,,pacenotes/Rbr.ini/packages/Extended.ini/adjectives/Extended.ini,assets/Jannemod V3 - Public test_v1.1/English/English Numeric A/Plugins/Pacenote/sounds/Janne Laahanen EnNu A
2257,PACENOTE,OBSTACLES,OVER_EARLY_CREST,Over Early Crest,over_early_crest1.ogg,2,,pacenotes/Rbr.ini/packages/Extended.ini/obstacles/Extended.ini,assets/Jannemod V3 - Public test_v1.1/English/English Numeric A/Plugins/Pacenote/sounds/Janne Laahanen EnNu A
2258,PACENOTE,OBSTACLES,OVER_LATE_CREST,Over Late Crest,over_late_crest1.ogg,2,,pacenotes/Rbr.ini/packages/Extended.ini/obstacles/Extended.ini,assets/Jannemod V3 - Public test_v1.1/English/English Numeric A/Plugins/Pacenote/sounds/Janne Laahanen EnNu A
2259,PACENOTE,CAUTIONS,BRAKE_10,Brake 10,brake_10_1.ogg,3,,pacenotes/Rbr.ini/packages/Extended.ini/cautions/Extended.ini,assets/Jannemod V3 - Public test_v1.1/English/English Numeric A/Plugins/Pacenote/sounds/Janne Laahanen EnNu A
2260,PACENOTE,SURFACE,BLACK_ICE,Black Ice,black_ice1.ogg,2,,pacenotes/Rbr.ini/packages/Extended.ini/surface/Extended.ini,assets/Jannemod V3 - Public test_v1.1/English/English Numeric A/Plugins/Pacenote/sounds/Janne Laahanen EnNu A
2261,PACENOTE,PREPOSITIONS,AT_LOG,At Log,at_log1.ogg,2,,pacenotes/Rbr.ini/packages/Extended.ini/prepositions/Extended.ini,assets/Jannemod V3 - Public test_v1.1/English/English Numeric A/Plugins/Pacenote/sounds/Janne Laahanen EnNu A
2262,PACENOTE,CORNERS,SQUARE_RIGHT_PLUS,2 Right+,two_right_plus.ogg,3,,pacenotes/Rbr.ini/packages/Descriptive.ini/corners/Descriptive.ini,assets/bollinger_sounds
2263,PACENOTE,CORNERS,SQUARE_LEFT_PLUS,2 Left+,two_left_plus.ogg,3,,pacenotes/Rbr.ini/packages/Descriptive.ini/corners/Descriptive.ini,assets/bollinger_sounds
2264,PACENOTE,ADJECTIVES,TIGHTENSTOSQUARE_PLUS,Tightens 2+,tightens_two_plus.ogg,3,,pacenotes/Rbr.ini/packages/Extended.ini/adjectives/Extended.ini,assets/bollinger_sounds
2265,PACENOTE,ADJECTIVES,TOSQUARE_PLUS,_2+,in_two_plus.ogg,3,,pacenotes/Rbr.ini/packages/Extended.ini/adjectives/Extended.ini,assets/bollinger_sounds
2266,PACENOTE,LINE,POST_EARLY,Post Early,post_early1.ogg,2,,pacenotes/Rbr.ini/packages/Extended.ini/line/Extended.ini,assets/Jannemod V3 - Public test_v1.1/English/English Numeric A/Plugins/Pacenote/sounds/Janne Laahanen EnNu A
2267,PACENOTE,LINE,POST_LATE,Post Late,post_late1.ogg,2,,pacenotes/Rbr.ini/packages/Extended.ini/line/Extended.ini,assets/Jannemod V3 - Public test_v1.1/English/English Numeric A/Plugins/Pacenote/sounds/Janne Laahanen EnNu A
2268,PACENOTE,LINE,POSTS,Posts,posts1.ogg,2,,pacenotes/Rbr.ini/packages/Extended.ini/line/Extended.ini,assets/Jannemod V3 - Public test_v1.1/English/English Numeric A/Plugins/Pacenote/sounds/Janne Laahanen EnNu A
2269,PACENOTE,OBSTACLES,OVERCREST_NOLINK,Over Crest,over_crest.ogg,3,,pacenotes/Rbr.ini/packages/Extended.ini/obstacles/Extended.ini,assets/bollinger_sounds
2270,PACENOTE,CAUTIONS,CARE_NOLINK,Care,care.ogg,3,,pacenotes/Rbr.ini/packages/Extended.ini/cautions/Extended.ini,assets/bollinger_sounds
2271,PACENOTE,CAUTIONS,CAUTION_NOLINK,Caution,caution.ogg,3,,pacenotes/Rbr.ini/packages/Extended.ini/cautions/Extended.ini,assets/bollinger_sounds
2272,PACENOTE,CORNERS,SQUARE_PLUS_SCALE,2+,two_plus.ogg,3,,pacenotes/Rbr.ini/packages/Descriptive.ini/corners/Descriptive.ini,assets/bollinger_sounds
2273,PACENOTE,LINE,LATE_CUT,Late Cut,late_cut1.ogg,2,,pacenotes/Rbr.ini/packages/Extended.ini/line/Extended.ini,assets/Jannemod V3 - Public test_v1.1/English/English Numeric A/Plugins/Pacenote/sounds/Janne Laahanen EnNu A
2274,PACENOTE,PREPOSITIONS,AT_LOGS,At Logs,at_logs1.ogg,2,,pacenotes/Rbr.ini/packages/Extended.ini/prepositions/Extended.ini,assets/Jannemod V3 - Public test_v1.1/English/English Numeric A/Plugins/Pacenote/sounds/Janne Laahanen EnNu A
2275,PACENOTE,CAUTIONS,NIU_BRAKE_JATKUU,Brake And (NIU),brake_and1.ogg,3,,pacenotes/Rbr.ini/packages/Extended.ini/cautions/Extended.ini,assets/Jannemod V3 - Public test_v1.1/English/English Numeric A/Plugins/Pacenote/sounds/Janne Laahanen EnNu A
2276,PACENOTE,ADDITIONAL,DEEP,Deep,deep1.ogg,2,,pacenotes/Rbr.ini/packages/Extended.ini/additional/Extended.ini,assets/Jannemod V3 - Public test_v1.1/English/English Numeric A/Plugins/Pacenote/sounds/Janne Laahanen EnNu A
2277,PACENOTE,ADDITIONAL,TRUST,Trust,trust1.ogg,2,,pacenotes/Rbr.ini/packages/Extended.ini/additional/Extended.ini,assets/Jannemod V3 - Public test_v1.1/English/English Numeric A/Plugins/Pacenote/sounds/Janne Laahanen EnNu A
2405,PACENOTE,LINE,LEFTISH,Leftish,leftish1.ogg,2,,pacenotes/Rbr.ini/packages/Extended.ini/line/Extended.ini,assets/Jannemod V3 - Public test_v1.1/English/English Numeric A/Plugins/Pacenote/sounds/Janne Laahanen EnNu A
2406,PACENOTE,LINE,RIGHTISH,Rightish,rightish1.ogg,2,,pacenotes/Rbr.ini/packages/Extended.ini/line/Extended.ini,assets/Jannemod V3 - Public test_v1.1/English/English Numeric A/Plugins/Pacenote/sounds/Janne Laahanen EnNu A
2501,PACENOTE,OBSTACLES,NIU_SMALL_CREST_FABZ,Small Crest (NIU),small_crest1.ogg,2,,pacenotes/Rbr.ini/packages/Extended.ini/obstacles/Extended.ini,assets/Jannemod V3 - Public test_v1.1/English/English Numeric A/Plugins/Pacenote/sounds/Janne Laahanen EnNu A
2503,PACENOTE,OBSTACLES,NIU_BROW,Crest (NIU),crest1.ogg,2,,pacenotes/Rbr.ini/packages/Extended.ini/obstacles/Extended.ini,assets/Jannemod V3 - Public test_v1.1/English/English Numeric A/Plugins/Pacenote/sounds/Janne Laahanen EnNu A
2507,PACENOTE,OBSTACLES,TWO_BALES,Two Bales,two_bales1.ogg,2,,pacenotes/Rbr.ini/packages/Extended.ini/obstacles/Extended.ini,assets/Jannemod V3 - Public test_v1.1/English/English Numeric A/Plugins/Pacenote/sounds/Janne Laahanen EnNu A
2508,PACENOTE,OBSTACLES,THREE_BALES,Three Bales,three_bales1.ogg,2,,pacenotes/Rbr.ini/packages/Extended.ini/obstacles/Extended.ini,assets/Jannemod V3 - Public test_v1.1/English/English Numeric A/Plugins/Pacenote/sounds/Janne Laahanen EnNu A
2509,PACENOTE,OBSTACLES,FOUR_BALES,Four Bales,four_bales1.ogg,2,,pacenotes/Rbr.ini/packages/Extended.ini/obstacles/Extended.ini,assets/Jannemod V3 - Public test_v1.1/English/English Numeric A/Plugins/Pacenote/sounds/Janne Laahanen EnNu A
2512,PACENOTE,OBSTACLES,LOGS,Logs,logs1.ogg,2,,pacenotes/Rbr.ini/packages/Extended.ini/obstacles/Extended.ini,assets/Jannemod V3 - Public test_v1.1/English/English Numeric A/Plugins/Pacenote/sounds/Janne Laahanen EnNu A
2515,PACENOTE,OBSTACLES,GATE,Gate,gate1.ogg,2,,pacenotes/Rbr.ini/packages/Extended.ini/obstacles/Extended.ini,assets/Jannemod V3 - Public test_v1.1/English/English Numeric A/Plugins/Pacenote/sounds/Janne Laahanen EnNu A
2516,PACENOTE,OBSTACLES,BIG_JUMP,Big Jump,big_jump1.ogg,2,,pacenotes/Rbr.ini/packages/Extended.ini/obstacles/Extended.ini,assets/Jannemod V3 - Public test_v1.1/English/English Numeric A/Plugins/Pacenote/sounds/Janne Laahanen EnNu A
2521,PACENOTE,OBSTACLES,BALES,Bales,bales1.ogg,2,,pacenotes/Rbr.ini/packages/Extended.ini/obstacles/Extended.ini,assets/Jannemod V3 - Public test_v1.1/English/English Numeric A/Plugins/Pacenote/sounds/Janne Laahanen EnNu A
2571,PACENOTE,SURFACE,SURFACE_NOTE,Surface,surface1.ogg,2,,pacenotes/Rbr.ini/packages/Extended.ini/surface/Extended.ini,assets/Jannemod V3 - Public test_v1.1/English/English Numeric A/Plugins/Pacenote/sounds/Janne Laahanen EnNu A
2600,PACENOTE,DRIVING,BE_BRAVE,Be Brave,be_brave1.ogg,2,,pacenotes/Rbr.ini/packages/Extended.ini/driving/Extended.ini,assets/Jannemod V3 - Public test_v1.1/English/English Numeric A/Plugins/Pacenote/sounds/Janne Laahanen EnNu A
2604,PACENOTE,CAUTIONS,NIU_WATCH,Precise (NIU),precise1.ogg,2,,pacenotes/Rbr.ini/packages/Extended.ini/cautions/Extended.ini,assets/Jannemod V3 - Public test_v1.1/English/English Numeric A/Plugins/Pacenote/sounds/Janne Laahanen EnNu A
2611,PACENOTE,OBSTACLES,BALE,Bale,bale1.ogg,2,,pacenotes/Rbr.ini/packages/Extended.ini/obstacles/Extended.ini,assets/Jannemod V3 - Public test_v1.1/English/English Numeric A/Plugins/Pacenote/sounds/Janne Laahanen EnNu A
2615,PACENOTE,DRIVING,NIU_DAB,Dab (NIU),dab1.ogg,2,,pacenotes/Rbr.ini/packages/Extended.ini/driving/Extended.ini,assets/Jannemod V3 - Public test_v1.1/English/English Numeric A/Plugins/Pacenote/sounds/Janne Laahanen EnNu A
2622,PACENOTE,ADDITIONAL,TWO_PARTS,Two Parts,two_parts1.ogg,2,,pacenotes/Rbr.ini/packages/Extended.ini/additional/Extended.ini,assets/Jannemod V3 - Public test_v1.1/English/English Numeric A/Plugins/Pacenote/sounds/Janne Laahanen EnNu A
2623,PACENOTE,ADDITIONAL,THREE_PARTS,Three Parts,three_parts1.ogg,2,,pacenotes/Rbr.ini/packages/Extended.ini/additional/Extended.ini,assets/Jannemod V3 - Public test_v1.1/English/English Numeric A/Plugins/Pacenote/sounds/Janne Laahanen EnNu A
2624,PACENOTE,ADDITIONAL,FOUR_PARTS,Four Parts,four_parts1.ogg,2,,pacenotes/Rbr.ini/packages/Extended.ini/additional/Extended.ini,assets/Jannemod V3 - Public test_v1.1/English/English Numeric A/Plugins/Pacenote/sounds/Janne Laahanen EnNu A
2625,PACENOTE,ADDITIONAL,FIVE_PARTS,Five Parts,five_parts1.ogg,2,,pacenotes/Rbr.ini/packages/Extended.ini/additional/Extended.ini,assets/Jannemod V3 - Public test_v1.1/English/English Numeric A/Plugins/Pacenote/sounds/Janne Laahanen EnNu A
2626,PACENOTE,OBSTACLES,FIVE_BALES,Five Bales,five_bales1.ogg,2,,pacenotes/Rbr.ini/packages/Extended.ini/obstacles/Extended.ini,assets/Jannemod V3 - Public test_v1.1/English/English Numeric A/Plugins/Pacenote/sounds/Janne Laahanen EnNu A
9999,PACENOTE,CORNERS,LINE_CHANGE,,,0,,pacenotes/Rbr.ini/packages/Descriptive.ini/corners/Descriptive.ini,assets/Jannemod V3 - Public test_v1.1/English/English Numeric A/Plugins/Pacenote/sounds/Janne Laahanen EnNu A
